,address,area,baths,beds,date,geocode,lat,link,long,popularity,price,price_per_bedroom,price_per_meter,property_type,size,day_count,difference
0,"50 Old Court, Greenfields, Ballincollig, Co. Cork",Greenfield,3.0,3.0,2021-08-14,"51.88072634468435, -8.611355403381312",51.88072634468435,https://www.daft.ie/for-sale/semi-detached-house-50-old-court-greenfields-ballincollig-co-cork/3486599,-8.611355403381312,1236,350000,116666.66666666667,4022.9885057471265,Semi-D,87.0,10,812.0
1,"194 The Willows, Ballincollig, Co. Cork",Carrigrohanebeg,1.0,3.0,2021-08-14,"51.89309917070151, -8.580849757357647",51.89309917070151,https://www.daft.ie/for-sale/semi-detached-house-194-the-willows-ballincollig-co-cork/3481893,-8.580849757357647,3717,249500,83166.66666666667,2772.222222222222,Semi-D,90.0,10,1205.0
2,"17 Coolroe Heights, Ballincollig, Co. Cork",Coolroe,2.0,4.0,2021-08-14,"51.885279789132504, -8.622716969745719",51.885279789132504,https://www.daft.ie/for-sale/semi-detached-house-17-coolroe-heights-ballincollig-co-cork/3290154,-8.622716969745719,3980,295000,73750.0,2500.0,Semi-D,118.0,10,399.0
3,"36 Westcourt Heights, Ballincollig, Co. Cork",Westcourt,2.0,4.0,2021-08-14,"51.88681255417706, -8.616295628522487",51.88681255417706,https://www.daft.ie/for-sale/detached-house-36-westcourt-heights-ballincollig-co-cork/3413318,-8.616295628522487,5987,345000,86250.0,2674.4186046511627,Detached,129.0,10,471.0
4,"Vesna, 57 Rosewood, Ballincollig, Co. Cork",Rosewood,3.0,4.0,2021-08-14,"51.88865181082447, -8.575978970851866",51.88865181082447,https://www.daft.ie/for-sale/detached-house-vesna-57-rosewood-ballincollig-co-cork/3433450,-8.575978970851866,7271,395000,98750.0,1945.8128078817733,Detached,203.0,10,826.0
5,"104 Caisleán Grove, Ballincollig, Co. Cork",An Caislean,3.0,3.0,2021-08-14,"51.88419579207018, -8.604721941977742",51.88419579207018,https://www.daft.ie/for-sale/semi-detached-house-104-caisle-n-grove-ballincollig-co-cork/3447436,-8.604721941977742,3539,279000,93000.0,3134.8314606741574,Semi-D,89.0,10,496.0
6,"79 Coopers Grange, Old Quarter, Ballincollig, Co. Cork",Old Quarter,3.0,3.0,2021-08-14,"51.89008441064981, -8.590014945710507",51.89008441064981,https://www.daft.ie/for-sale/semi-detached-house-79-coopers-grange-old-quarter-ballincollig-co-cork/3453918,-8.590014945710507,4956,345000,115000.0,3349.5145631067962,Semi-D,103.0,10,786.0
7,"Coolroe Ballincollig Cork, Ballincollig, Co. Cork",Coolroe,2.0,4.0,2021-08-14,"51.885279789132504, -8.622716969745719",51.885279789132504,https://www.daft.ie/for-sale/bungalow-coolroe-ballincollig-cork-ballincollig-co-cork/3465760,-8.622716969745719,4168,380000,95000.0,2835.820895522388,Bungalow,134.0,10,692.0
8,"21 Leesdale Drive, Ballincollig, Co. Cork",Carrigrohane,2.0,3.0,2021-08-14,"51.89118108080445, -8.570433423222292",51.89118108080445,https://www.daft.ie/for-sale/semi-detached-house-21-leesdale-drive-ballincollig-co-cork/3475146,-8.570433423222292,4567,260000,86666.66666666667,3209.8765432098767,Semi-D,81.0,10,1004.0
9,"15 Glincool Grove, Ballincollig, Co. Cork",Maglin,2.0,4.0,2021-08-14,"51.88135112776452, -8.59523805920491",51.88135112776452,https://www.daft.ie/for-sale/detached-house-15-glincool-grove-ballincollig-co-cork/3480568,-8.59523805920491,2558,315000,78750.0,,Detached,,10,681.0
10,"25 Innishmore Drive, Ballincollig, Co. Cork",Innishmore,2.0,3.0,2021-08-14,"51.88897474404985, -8.608958999892096",51.88897474404985,https://www.daft.ie/for-sale/bungalow-25-innishmore-drive-ballincollig-co-cork/3482025,-8.608958999892096,3507,229000,76333.33333333333,,Bungalow,,10,1067.0
11,"126 Caisleán Way, Ballincollig, Co. Cork",An Caislean,3.0,3.0,2021-08-14,"51.88419579207018, -8.604721941977742",51.88419579207018,https://www.daft.ie/for-sale/semi-detached-house-126-caisle-n-way-ballincollig-co-cork/3483728,-8.604721941977742,3905,285000,95000.0,3275.862068965517,Semi-D,87.0,10,1581.0
12,"Fatima, Poulavone, Ballincollig, Co. Cork",Town Center,2.0,4.0,2021-08-14,"51.8878563321983, -8.600737381727024",51.8878563321983,https://www.daft.ie/for-sale/bungalow-fatima-poulavone-ballincollig-co-cork/2933649,-8.600737381727024,12408,365000,91250.0,3443.396226415094,Bungalow,106.0,10,319.0
13,"8 Millers Court, Old Quarter, Ballincollig, Co. Cork",Old Quarter,3.0,3.0,2021-08-14,"51.89008441064981, -8.590014945710507",51.89008441064981,https://www.daft.ie/for-sale/semi-detached-house-8-millers-court-old-quarter-ballincollig-co-cork/3486664,-8.590014945710507,805,345000,115000.0,3254.7169811320755,Semi-D,106.0,10,582.0
14,"22 Beech Road, Muskerry Estate, Ballincollg, Ballincollig, Co. Cork",Muskerry Estate,2.0,4.0,2021-08-14,"51.885514844369936, -8.596310161258103",51.885514844369936,https://www.daft.ie/for-sale/semi-detached-house-22-beech-road-muskerry-estate-ballincollg-ballincollig-co-cork/3486618,-8.596310161258103,767,350000,87500.0,2692.3076923076924,Semi-D,130.0,10,550.0
15,"9 Highfield Crescent, Ballincollig, Co. Cork",Highfield,3.0,3.0,2021-08-14,"51.88483134751023, -8.573114016875365",51.88483134751023,https://www.daft.ie/for-sale/semi-detached-house-9-highfield-crescent-ballincollig-co-cork/3486597,-8.573114016875365,957,370000,123333.33333333333,3274.336283185841,Semi-D,113.0,10,664.0
16,"92 Leslies Arch, Old Quarter, Ballincollig, Co. Cork",Old Quarter,2.0,3.0,2021-08-14,"51.89008441064981, -8.590014945710507",51.89008441064981,https://www.daft.ie/for-sale/detached-house-92-leslies-arch-old-quarter-ballincollig-co-cork/3486584,-8.590014945710507,1125,330000,110000.0,3548.3870967741937,Detached,93.0,10,773.0
17,"The Bungalow, Coolroe, Ballincollig, Co. Cork",Coolroe,2.0,4.0,2021-08-14,"51.885279789132504, -8.622716969745719",51.885279789132504,https://www.daft.ie/for-sale/detached-house-the-bungalow-coolroe-ballincollig-co-cork/3486576,-8.622716969745719,911,375000,93750.0,3232.7586206896553,Detached,116.0,10,911.0
18,"2 Glendower Court, Ballincollig, Co. Cork",Glendower Court,2.0,4.0,2021-08-14,"51.89097713659068, -8.579260601534097",51.89097713659068,https://www.daft.ie/for-sale/semi-detached-house-2-glendower-court-ballincollig-co-cork/3489920,-8.579260601534097,1268,315000,78750.0,,Semi-D,,10,0.0
19,"94 Castlepark, Ballincollig, Co. Cork",Castlepark,1.0,3.0,2021-08-14,"51.88653927567583, -8.585310716875346",51.88653927567583,https://www.daft.ie/for-sale/semi-detached-house-94-castlepark-ballincollig-co-cork/3492381,-8.585310716875346,2514,225000,75000.0,2368.4210526315787,Semi-D,95.0,10,0.0
20,"50 The Cloisters, Ballincollig, Co. Cork",The Cloisters,2.0,3.0,2021-08-14,"51.88453436126935, -8.578108099687265",51.88453436126935,https://www.daft.ie/for-sale/semi-detached-house-50-the-cloisters-ballincollig-co-cork/3497622,-8.578108099687265,839,325000,108333.33333333333,,Semi-D,,10,0.0
21,"2 The Stables, Coolroe, Ballincollig, Co. Cork",Coolroe,3.0,3.0,2021-08-14,"51.885279789132504, -8.622716969745719",51.885279789132504,https://www.daft.ie/for-sale/terraced-house-2-the-stables-coolroe-ballincollig-co-cork/3500532,-8.622716969745719,398,355000,118333.33333333333,,Terrace,,10,0.0
22,"20 Oak Avenue, Classes Lake, Ovens, Co. Cork",Ovens,2.0,3.0,2021-08-14,"51.88127654707539, -8.658682937965343",51.88127654707539,https://www.daft.ie/for-sale/semi-detached-house-20-oak-avenue-classes-lake-ovens-co-cork/3245743,-8.658682937965343,5540,300000,100000.0,,Semi-D,,10,440.0
23,"Farran Ovens, Ballincollig, Co. Cork",Ovens,2.0,4.0,2021-08-14,"51.88127654707539, -8.658682937965343",51.88127654707539,https://www.daft.ie/for-sale/bungalow-farran-ovens-ballincollig-co-cork/1519052,-8.658682937965343,24910,325000,81250.0,1946.1077844311378,Bungalow,167.0,10,515.0
24,"Fatima, Poulavone, Ballincollig, Co. Cork",Town Center,2.0,4.0,2021-08-13,"51.8878563321983, -8.600737381727024",51.8878563321983,https://www.daft.ie/for-sale/bungalow-fatima-poulavone-ballincollig-co-cork/2933649,-8.600737381727024,12370,365000,91250.0,3443.396226415094,Bungalow,106.0,10,319.0
25,"22 Beech Road, Muskerry Estate, Ballincollg, Ballincollig, Co. Cork",Muskerry Estate,2.0,4.0,2021-08-13,"51.885514844369936, -8.596310161258103",51.885514844369936,https://www.daft.ie/for-sale/semi-detached-house-22-beech-road-muskerry-estate-ballincollg-ballincollig-co-cork/3486618,-8.596310161258103,703,350000,87500.0,2692.3076923076924,Semi-D,130.0,10,550.0
26,"14 The Avenue, Highfield Park, Ballincollig, Co. Cork",Highfield,3.0,3.0,2021-08-13,"51.88483134751023, -8.573114016875365",51.88483134751023,https://www.daft.ie/for-sale/end-of-terrace-house-14-the-avenue-highfield-park-ballincollig-co-cork/3441522,-8.573114016875365,4122,325000,108333.33333333333,3009.259259259259,End of Terrace,108.0,10,0.0
27,"50 The Cloisters, Ballincollig, Co. Cork",The Cloisters,2.0,3.0,2021-08-13,"51.88453436126935, -8.578108099687265",51.88453436126935,https://www.daft.ie/for-sale/semi-detached-house-50-the-cloisters-ballincollig-co-cork/3497622,-8.578108099687265,682,325000,108333.33333333333,,Semi-D,,10,0.0
28,"2 The Stables, Coolroe, Ballincollig, Co. Cork",Coolroe,3.0,3.0,2021-08-13,"51.885279789132504, -8.622716969745719",51.885279789132504,https://www.daft.ie/for-sale/terraced-house-2-the-stables-coolroe-ballincollig-co-cork/3495703,-8.622716969745719,1280,355000,118333.33333333333,,Terrace,,10,0.0
29,"94 Castlepark, Ballincollig, Co. Cork",Castlepark,1.0,3.0,2021-08-13,"51.88653927567583, -8.585310716875346",51.88653927567583,https://www.daft.ie/for-sale/end-of-terrace-house-94-castlepark-ballincollig-co-cork/3492381,-8.585310716875346,2365,225000,75000.0,2368.4210526315787,End of Terrace,95.0,10,0.0
30,"2 Glendower Court, Ballincollig, Co. Cork",Glendower Court,2.0,4.0,2021-08-13,"51.89097713659068, -8.579260601534097",51.89097713659068,https://www.daft.ie/for-sale/semi-detached-house-2-glendower-court-ballincollig-co-cork/3489920,-8.579260601534097,1179,315000,78750.0,,Semi-D,,10,0.0
31,"17 Coolroe Heights, Ballincollig, Co. Cork",Coolroe,2.0,4.0,2021-08-13,"51.885279789132504, -8.622716969745719",51.885279789132504,https://www.daft.ie/for-sale/semi-detached-house-17-coolroe-heights-ballincollig-co-cork/3290154,-8.622716969745719,3922,295000,73750.0,2500.0,Semi-D,118.0,10,399.0
32,"50 Old Court, Greenfields, Ballincollig, Co. Cork",Greenfield,3.0,3.0,2021-08-13,"51.88072634468435, -8.611355403381312",51.88072634468435,https://www.daft.ie/for-sale/semi-detached-house-50-old-court-greenfields-ballincollig-co-cork/3486599,-8.611355403381312,1160,350000,116666.66666666667,4022.9885057471265,Semi-D,87.0,10,812.0
33,"The Bungalow, Coolroe, Ballincollig, Co. Cork",Coolroe,2.0,4.0,2021-08-13,"51.885279789132504, -8.622716969745719",51.885279789132504,https://www.daft.ie/for-sale/detached-house-the-bungalow-coolroe-ballincollig-co-cork/3486576,-8.622716969745719,857,375000,93750.0,3232.7586206896553,Detached,116.0,10,911.0
34,"92 Leslies Arch, Old Quarter, Ballincollig, Co. Cork",Old Quarter,2.0,3.0,2021-08-13,"51.89008441064981, -8.590014945710507",51.89008441064981,https://www.daft.ie/for-sale/detached-house-92-leslies-arch-old-quarter-ballincollig-co-cork/3486584,-8.590014945710507,1053,330000,110000.0,3548.3870967741937,Detached,93.0,10,773.0
35,"9 Highfield Crescent, Ballincollig, Co. Cork",Highfield,3.0,3.0,2021-08-13,"51.88483134751023, -8.573114016875365",51.88483134751023,https://www.daft.ie/for-sale/semi-detached-house-9-highfield-crescent-ballincollig-co-cork/3486597,-8.573114016875365,0,370000,123333.33333333333,3274.336283185841,Semi-D,113.0,10,664.0
36,"8 Millers Court, Old Quarter, Ballincollig, Co. Cork",Old Quarter,3.0,3.0,2021-08-13,"51.89008441064981, -8.590014945710507",51.89008441064981,https://www.daft.ie/for-sale/semi-detached-house-8-millers-court-old-quarter-ballincollig-co-cork/3486664,-8.590014945710507,739,345000,115000.0,3254.7169811320755,Semi-D,106.0,10,582.0
37,"36 Westcourt Heights, Ballincollig, Co. Cork",Westcourt,2.0,4.0,2021-08-13,"51.88681255417706, -8.616295628522487",51.88681255417706,https://www.daft.ie/for-sale/detached-house-36-westcourt-heights-ballincollig-co-cork/3413318,-8.616295628522487,5937,345000,86250.0,2674.4186046511627,Detached,129.0,10,471.0
38,"126 Caisleán Way, Ballincollig, Co. Cork",An Caislean,3.0,3.0,2021-08-13,"51.88419579207018, -8.604721941977742",51.88419579207018,https://www.daft.ie/for-sale/semi-detached-house-126-caisle-n-way-ballincollig-co-cork/3483728,-8.604721941977742,3740,285000,95000.0,3275.862068965517,Semi-D,87.0,10,1581.0
39,"194 The Willows, Ballincollig, Co. Cork",Carrigrohanebeg,1.0,3.0,2021-08-13,"51.89309917070151, -8.580849757357647",51.89309917070151,https://www.daft.ie/for-sale/semi-detached-house-194-the-willows-ballincollig-co-cork/3481893,-8.580849757357647,3579,249500,83166.66666666667,2772.222222222222,Semi-D,90.0,10,1205.0
40,"25 Innishmore Drive, Ballincollig, Co. Cork",Innishmore,2.0,3.0,2021-08-13,"51.88897474404985, -8.608958999892096",51.88897474404985,https://www.daft.ie/for-sale/bungalow-25-innishmore-drive-ballincollig-co-cork/3482025,-8.608958999892096,3405,229000,76333.33333333333,,Bungalow,,10,1067.0
41,"15 Glincool Grove, Ballincollig, Co. Cork",Maglin,2.0,4.0,2021-08-13,"51.88135112776452, -8.59523805920491",51.88135112776452,https://www.daft.ie/for-sale/detached-house-15-glincool-grove-ballincollig-co-cork/3480568,-8.59523805920491,2478,315000,78750.0,,Detached,,10,681.0
42,"21 Leesdale Drive, Ballincollig, Co. Cork",Carrigrohane,2.0,3.0,2021-08-13,"51.89118108080445, -8.570433423222292",51.89118108080445,https://www.daft.ie/for-sale/semi-detached-house-21-leesdale-drive-ballincollig-co-cork/3475146,-8.570433423222292,4464,260000,86666.66666666667,3209.8765432098767,Semi-D,81.0,10,1004.0
43,"Coolroe Ballincollig Cork, Ballincollig, Co. Cork",Coolroe,2.0,4.0,2021-08-13,"51.885279789132504, -8.622716969745719",51.885279789132504,https://www.daft.ie/for-sale/bungalow-coolroe-ballincollig-cork-ballincollig-co-cork/3465760,-8.622716969745719,4106,380000,95000.0,2835.820895522388,Bungalow,134.0,10,692.0
44,"79 Coopers Grange, Old Quarter, Ballincollig, Co. Cork",Old Quarter,3.0,3.0,2021-08-13,"51.89008441064981, -8.590014945710507",51.89008441064981,https://www.daft.ie/for-sale/semi-detached-house-79-coopers-grange-old-quarter-ballincollig-co-cork/3453918,-8.590014945710507,4855,345000,115000.0,3349.5145631067962,Semi-D,103.0,10,786.0
45,"104 Caisleán Grove, Ballincollig, Co. Cork",An Caislean,3.0,3.0,2021-08-13,"51.88419579207018, -8.604721941977742",51.88419579207018,https://www.daft.ie/for-sale/semi-detached-house-104-caisle-n-grove-ballincollig-co-cork/3447436,-8.604721941977742,3489,279000,93000.0,3134.8314606741574,Semi-D,89.0,10,496.0
46,"Vesna, 57 Rosewood, Ballincollig, Co. Cork",Rosewood,3.0,4.0,2021-08-13,"51.88865181082447, -8.575978970851866",51.88865181082447,https://www.daft.ie/for-sale/detached-house-vesna-57-rosewood-ballincollig-co-cork/3433450,-8.575978970851866,7190,395000,98750.0,1945.8128078817733,Detached,203.0,10,826.0
47,"20 Oak Avenue, Classes Lake, Ovens, Co. Cork",Ovens,2.0,3.0,2021-08-13,"51.88127654707539, -8.658682937965343",51.88127654707539,https://www.daft.ie/for-sale/semi-detached-house-20-oak-avenue-classes-lake-ovens-co-cork/3245743,-8.658682937965343,5472,300000,100000.0,,Semi-D,,10,440.0
48,"Farran Ovens, Ballincollig, Co. Cork",Ovens,2.0,4.0,2021-08-13,"51.88127654707539, -8.658682937965343",51.88127654707539,https://www.daft.ie/for-sale/bungalow-farran-ovens-ballincollig-co-cork/1519052,-8.658682937965343,24851,325000,81250.0,1946.1077844311378,Bungalow,167.0,10,515.0
49,"The Bungalow, Coolroe, Ballincollig, Co. Cork",Coolroe,2.0,4.0,2021-08-12,"51.885279789132504, -8.622716969745719",51.885279789132504,https://www.daft.ie/for-sale/detached-house-the-bungalow-coolroe-ballincollig-co-cork/3486576,-8.622716969745719,796,375000,93750.0,3232.7586206896553,Detached,116.0,10,911.0
50,"126 Caisleán Way, Ballincollig, Co. Cork",An Caislean,3.0,3.0,2021-08-12,"51.88419579207018, -8.604721941977742",51.88419579207018,https://www.daft.ie/for-sale/semi-detached-house-126-caisle-n-way-ballincollig-co-cork/3483728,-8.604721941977742,3630,285000,95000.0,3275.862068965517,Semi-D,87.0,10,1581.0
51,"8 Millers Court, Old Quarter, Ballincollig, Co. Cork",Old Quarter,3.0,3.0,2021-08-12,"51.89008441064981, -8.590014945710507",51.89008441064981,https://www.daft.ie/for-sale/semi-detached-house-8-millers-court-old-quarter-ballincollig-co-cork/3486664,-8.590014945710507,673,345000,115000.0,3254.7169811320755,Semi-D,106.0,10,582.0
52,"22 Beech Road, Muskerry Estate, Ballincollg, Ballincollig, Co. Cork",Muskerry Estate,2.0,4.0,2021-08-12,"51.885514844369936, -8.596310161258103",51.885514844369936,https://www.daft.ie/for-sale/semi-detached-house-22-beech-road-muskerry-estate-ballincollg-ballincollig-co-cork/3486618,-8.596310161258103,653,350000,87500.0,2692.3076923076924,Semi-D,130.0,10,550.0
53,"9 Highfield Crescent, Ballincollig, Co. Cork",Highfield,3.0,3.0,2021-08-12,"51.88483134751023, -8.573114016875365",51.88483134751023,https://www.daft.ie/for-sale/semi-detached-house-9-highfield-crescent-ballincollig-co-cork/3486597,-8.573114016875365,841,370000,123333.33333333333,3274.336283185841,Semi-D,113.0,10,664.0
54,"92 Leslies Arch, Old Quarter, Ballincollig, Co. Cork",Old Quarter,2.0,3.0,2021-08-12,"51.89008441064981, -8.590014945710507",51.89008441064981,https://www.daft.ie/for-sale/detached-house-92-leslies-arch-old-quarter-ballincollig-co-cork/3486584,-8.590014945710507,976,330000,110000.0,3548.3870967741937,Detached,93.0,10,773.0
55,"50 The Cloisters, Ballincollig, Co. Cork",The Cloisters,2.0,3.0,2021-08-12,"51.88453436126935, -8.578108099687265",51.88453436126935,https://www.daft.ie/for-sale/semi-detached-house-50-the-cloisters-ballincollig-co-cork/3497622,-8.578108099687265,387,325000,108333.33333333333,,Semi-D,,10,0.0
56,"50 Old Court, Greenfields, Ballincollig, Co. Cork",Greenfield,3.0,3.0,2021-08-12,"51.88072634468435, -8.611355403381312",51.88072634468435,https://www.daft.ie/for-sale/semi-detached-house-50-old-court-greenfields-ballincollig-co-cork/3486599,-8.611355403381312,1062,350000,116666.66666666667,4022.9885057471265,Semi-D,87.0,10,812.0
57,"2 Glendower Court, Ballincollig, Co. Cork",Glendower Court,2.0,4.0,2021-08-12,"51.89097713659068, -8.579260601534097",51.89097713659068,https://www.daft.ie/for-sale/semi-detached-house-2-glendower-court-ballincollig-co-cork/3489920,-8.579260601534097,1116,315000,78750.0,,Semi-D,,10,0.0
58,"94 Castlepark, Ballincollig, Co. Cork",Castlepark,1.0,3.0,2021-08-12,"51.88653927567583, -8.585310716875346",51.88653927567583,https://www.daft.ie/for-sale/semi-detached-house-94-castlepark-ballincollig-co-cork/3492381,-8.585310716875346,2192,225000,75000.0,2368.4210526315787,Semi-D,95.0,10,0.0
59,"2 The Stables, Coolroe, Ballincollig, Co. Cork",Coolroe,3.0,3.0,2021-08-12,"51.885279789132504, -8.622716969745719",51.885279789132504,https://www.daft.ie/for-sale/terraced-house-2-the-stables-coolroe-ballincollig-co-cork/3495703,-8.622716969745719,1074,355000,118333.33333333333,,Terrace,,10,0.0
60,"25 Innishmore Drive, Ballincollig, Co. Cork",Innishmore,2.0,3.0,2021-08-12,"51.88897474404985, -8.608958999892096",51.88897474404985,https://www.daft.ie/for-sale/bungalow-25-innishmore-drive-ballincollig-co-cork/3482025,-8.608958999892096,3308,229000,76333.33333333333,,Bungalow,,10,1067.0
61,"194 The Willows, Ballincollig, Co. Cork",Carrigrohanebeg,1.0,3.0,2021-08-12,"51.89309917070151, -8.580849757357647",51.89309917070151,https://www.daft.ie/for-sale/semi-detached-house-194-the-willows-ballincollig-co-cork/3481893,-8.580849757357647,3439,249500,83166.66666666667,2772.222222222222,Semi-D,90.0,10,1205.0
62,"15 Glincool Grove, Ballincollig, Co. Cork",Maglin,2.0,4.0,2021-08-12,"51.88135112776452, -8.59523805920491",51.88135112776452,https://www.daft.ie/for-sale/detached-house-15-glincool-grove-ballincollig-co-cork/3480568,-8.59523805920491,2421,315000,78750.0,,Detached,,10,681.0
63,"36 Castlepark, Ballincollig, Co. Cork",Castlepark,2.0,3.0,2021-08-12,"51.88653927567583, -8.585310716875346",51.88653927567583,https://www.daft.ie/for-sale/terraced-house-36-castlepark-ballincollig-co-cork/3451398,-8.585310716875346,5452,225000,75000.0,2528.0898876404494,Terrace,89.0,10,0.0
64,"Farran Ovens, Ballincollig, Co. Cork",Ovens,2.0,4.0,2021-08-12,"51.88127654707539, -8.658682937965343",51.88127654707539,https://www.daft.ie/for-sale/bungalow-farran-ovens-ballincollig-co-cork/1519052,-8.658682937965343,24794,325000,81250.0,1946.1077844311378,Bungalow,167.0,10,515.0
65,"Fatima, Poulavone, Ballincollig, Co. Cork",Town Center,2.0,4.0,2021-08-12,"51.8878563321983, -8.600737381727024",51.8878563321983,https://www.daft.ie/for-sale/bungalow-fatima-poulavone-ballincollig-co-cork/2933649,-8.600737381727024,12327,365000,91250.0,3443.396226415094,Bungalow,106.0,10,319.0
66,"20 Oak Avenue, Classes Lake, Ovens, Co. Cork",Ovens,2.0,3.0,2021-08-12,"51.88127654707539, -8.658682937965343",51.88127654707539,https://www.daft.ie/for-sale/semi-detached-house-20-oak-avenue-classes-lake-ovens-co-cork/3245743,-8.658682937965343,5433,300000,100000.0,,Semi-D,,10,440.0
67,"17 Coolroe Heights, Ballincollig, Co. Cork",Coolroe,2.0,4.0,2021-08-12,"51.885279789132504, -8.622716969745719",51.885279789132504,https://www.daft.ie/for-sale/semi-detached-house-17-coolroe-heights-ballincollig-co-cork/3290154,-8.622716969745719,3884,295000,73750.0,2500.0,Semi-D,118.0,10,399.0
68,"36 Westcourt Heights, Ballincollig, Co. Cork",Westcourt,2.0,4.0,2021-08-12,"51.88681255417706, -8.616295628522487",51.88681255417706,https://www.daft.ie/for-sale/detached-house-36-westcourt-heights-ballincollig-co-cork/3413318,-8.616295628522487,5873,345000,86250.0,2674.4186046511627,Detached,129.0,10,471.0
69,"21 Leesdale Drive, Ballincollig, Co. Cork",Carrigrohane,2.0,3.0,2021-08-12,"51.89118108080445, -8.570433423222292",51.89118108080445,https://www.daft.ie/for-sale/semi-detached-house-21-leesdale-drive-ballincollig-co-cork/3475146,-8.570433423222292,4339,260000,86666.66666666667,3209.8765432098767,Semi-D,81.0,10,1004.0
70,"Vesna, 57 Rosewood, Ballincollig, Co. Cork",Rosewood,3.0,4.0,2021-08-12,"51.88865181082447, -8.575978970851866",51.88865181082447,https://www.daft.ie/for-sale/detached-house-vesna-57-rosewood-ballincollig-co-cork/3433450,-8.575978970851866,7113,395000,98750.0,1945.8128078817733,Detached,203.0,10,826.0
71,"104 Caisleán Grove, Ballincollig, Co. Cork",An Caislean,3.0,3.0,2021-08-12,"51.88419579207018, -8.604721941977742",51.88419579207018,https://www.daft.ie/for-sale/semi-detached-house-104-caisle-n-grove-ballincollig-co-cork/3447436,-8.604721941977742,3437,279000,93000.0,3134.8314606741574,Semi-D,89.0,10,496.0
72,"79 Coopers Grange, Old Quarter, Ballincollig, Co. Cork",Old Quarter,3.0,3.0,2021-08-12,"51.89008441064981, -8.590014945710507",51.89008441064981,https://www.daft.ie/for-sale/semi-detached-house-79-coopers-grange-old-quarter-ballincollig-co-cork/3453918,-8.590014945710507,4764,345000,115000.0,3349.5145631067962,Semi-D,103.0,10,786.0
73,"Coolroe Ballincollig Cork, Ballincollig, Co. Cork",Coolroe,2.0,4.0,2021-08-12,"51.885279789132504, -8.622716969745719",51.885279789132504,https://www.daft.ie/for-sale/bungalow-coolroe-ballincollig-cork-ballincollig-co-cork/3465760,-8.622716969745719,4021,380000,95000.0,2835.820895522388,Bungalow,134.0,10,692.0
74,"14 The Avenue, Highfield Park, Ballincollig, Co. Cork",Highfield,3.0,3.0,2021-08-12,"51.88483134751023, -8.573114016875365",51.88483134751023,https://www.daft.ie/for-sale/end-of-terrace-house-14-the-avenue-highfield-park-ballincollig-co-cork/3441522,-8.573114016875365,4077,325000,108333.33333333333,3009.259259259259,End of Terrace,108.0,10,0.0
75,"The Bungalow, Coolroe, Ballincollig, Co. Cork",Coolroe,2.0,4.0,2021-08-11,"51.885279789132504, -8.622716969745719",51.885279789132504,https://www.daft.ie/for-sale/detached-house-the-bungalow-coolroe-ballincollig-co-cork/3486576,-8.622716969745719,735,375000,93750.0,3232.7586206896553,Detached,116.0,10,911.0
76,"126 Caisleán Way, Ballincollig, Co. Cork",An Caislean,3.0,3.0,2021-08-11,"51.88419579207018, -8.604721941977742",51.88419579207018,https://www.daft.ie/for-sale/semi-detached-house-126-caisle-n-way-ballincollig-co-cork/3483728,-8.604721941977742,3500,285000,95000.0,3275.862068965517,Semi-D,87.0,10,1581.0
77,"22 Beech Road, Muskerry Estate, Ballincollg, Ballincollig, Co. Cork",Muskerry Estate,2.0,4.0,2021-08-11,"51.885514844369936, -8.596310161258103",51.885514844369936,https://www.daft.ie/for-sale/semi-detached-house-22-beech-road-muskerry-estate-ballincollg-ballincollig-co-cork/3486618,-8.596310161258103,589,350000,87500.0,2692.3076923076924,Semi-D,130.0,10,550.0
78,"9 Highfield Crescent, Ballincollig, Co. Cork",Highfield,3.0,3.0,2021-08-11,"51.88483134751023, -8.573114016875365",51.88483134751023,https://www.daft.ie/for-sale/semi-detached-house-9-highfield-crescent-ballincollig-co-cork/3486597,-8.573114016875365,755,370000,123333.33333333333,3274.336283185841,Semi-D,113.0,10,664.0
79,"92 Leslies Arch, Old Quarter, Ballincollig, Co. Cork",Old Quarter,2.0,3.0,2021-08-11,"51.89008441064981, -8.590014945710507",51.89008441064981,https://www.daft.ie/for-sale/detached-house-92-leslies-arch-old-quarter-ballincollig-co-cork/3486584,-8.590014945710507,904,330000,110000.0,3548.3870967741937,Detached,93.0,10,773.0
80,"50 Old Court, Greenfields, Ballincollig, Co. Cork",Greenfield,3.0,3.0,2021-08-11,"51.88072634468435, -8.611355403381312",51.88072634468435,https://www.daft.ie/for-sale/semi-detached-house-50-old-court-greenfields-ballincollig-co-cork/3486599,-8.611355403381312,970,350000,116666.66666666667,4022.9885057471265,Semi-D,87.0,10,812.0
81,"25 Innishmore Drive, Ballincollig, Co. Cork",Innishmore,2.0,3.0,2021-08-11,"51.88897474404985, -8.608958999892096",51.88897474404985,https://www.daft.ie/for-sale/bungalow-25-innishmore-drive-ballincollig-co-cork/3482025,-8.608958999892096,3209,229000,76333.33333333333,,Bungalow,,10,1067.0
82,"2 Glendower Court, Ballincollig, Co. Cork",Glendower Court,2.0,4.0,2021-08-11,"51.89097713659068, -8.579260601534097",51.89097713659068,https://www.daft.ie/for-sale/semi-detached-house-2-glendower-court-ballincollig-co-cork/3489920,-8.579260601534097,1039,315000,78750.0,,Semi-D,,10,0.0
83,"94 Castlepark, Ballincollig, Co. Cork",Castlepark,1.0,3.0,2021-08-11,"51.88653927567583, -8.585310716875346",51.88653927567583,https://www.daft.ie/for-sale/semi-detached-house-94-castlepark-ballincollig-co-cork/3492381,-8.585310716875346,1984,225000,75000.0,2368.4210526315787,Semi-D,95.0,10,0.0
84,"2 The Stables, Coolroe, Ballincollig, Co. Cork",Coolroe,2.0,3.0,2021-08-11,"51.885279789132504, -8.622716969745719",51.885279789132504,https://www.daft.ie/for-sale/semi-detached-house-2-the-stables-coolroe-ballincollig-co-cork/3495703,-8.622716969745719,738,355000,118333.33333333333,,Semi-D,,10,0.0
85,"194 The Willows, Ballincollig, Co. Cork",Carrigrohanebeg,1.0,3.0,2021-08-11,"51.89309917070151, -8.580849757357647",51.89309917070151,https://www.daft.ie/for-sale/semi-detached-house-194-the-willows-ballincollig-co-cork/3481893,-8.580849757357647,3307,249500,83166.66666666667,2772.222222222222,Semi-D,90.0,10,1205.0
86,"8 Millers Court, Old Quarter, Ballincollig, Co. Cork",Old Quarter,3.0,3.0,2021-08-11,"51.89008441064981, -8.590014945710507",51.89008441064981,https://www.daft.ie/for-sale/semi-detached-house-8-millers-court-old-quarter-ballincollig-co-cork/3486664,-8.590014945710507,616,345000,115000.0,3254.7169811320755,Semi-D,106.0,10,582.0
87,"Fatima, Poulavone, Ballincollig, Co. Cork",Town Center,2.0,4.0,2021-08-11,"51.8878563321983, -8.600737381727024",51.8878563321983,https://www.daft.ie/for-sale/bungalow-fatima-poulavone-ballincollig-co-cork/2933649,-8.600737381727024,12288,365000,91250.0,3443.396226415094,Bungalow,106.0,10,319.0
88,"14 The Avenue, Highfield Park, Ballincollig, Co. Cork",Highfield,3.0,3.0,2021-08-11,"51.88483134751023, -8.573114016875365",51.88483134751023,https://www.daft.ie/for-sale/end-of-terrace-house-14-the-avenue-highfield-park-ballincollig-co-cork/3441522,-8.573114016875365,4026,325000,108333.33333333333,3009.259259259259,End of Terrace,108.0,10,0.0
89,"Farran Ovens, Ballincollig, Co. Cork",Ovens,2.0,4.0,2021-08-11,"51.88127654707539, -8.658682937965343",51.88127654707539,https://www.daft.ie/for-sale/bungalow-farran-ovens-ballincollig-co-cork/1519052,-8.658682937965343,24722,325000,81250.0,1946.1077844311378,Bungalow,167.0,10,515.0
90,"21 Leesdale Drive, Ballincollig, Co. Cork",Carrigrohane,2.0,3.0,2021-08-11,"51.89118108080445, -8.570433423222292",51.89118108080445,https://www.daft.ie/for-sale/semi-detached-house-21-leesdale-drive-ballincollig-co-cork/3475146,-8.570433423222292,4204,260000,86666.66666666667,3209.8765432098767,Semi-D,81.0,10,1004.0
91,"20 Oak Avenue, Classes Lake, Ovens, Co. Cork",Ovens,2.0,3.0,2021-08-11,"51.88127654707539, -8.658682937965343",51.88127654707539,https://www.daft.ie/for-sale/semi-detached-house-20-oak-avenue-classes-lake-ovens-co-cork/3245743,-8.658682937965343,5371,300000,100000.0,,Semi-D,,10,440.0
92,"17 Coolroe Heights, Ballincollig, Co. Cork",Coolroe,2.0,4.0,2021-08-11,"51.885279789132504, -8.622716969745719",51.885279789132504,https://www.daft.ie/for-sale/semi-detached-house-17-coolroe-heights-ballincollig-co-cork/3290154,-8.622716969745719,3842,295000,73750.0,2500.0,Semi-D,118.0,10,399.0
93,"36 Westcourt Heights, Ballincollig, Co. Cork",Westcourt,2.0,4.0,2021-08-11,"51.88681255417706, -8.616295628522487",51.88681255417706,https://www.daft.ie/for-sale/detached-house-36-westcourt-heights-ballincollig-co-cork/3413318,-8.616295628522487,5815,345000,86250.0,2674.4186046511627,Detached,129.0,10,471.0
94,"Vesna, 57 Rosewood, Ballincollig, Co. Cork",Rosewood,3.0,4.0,2021-08-11,"51.88865181082447, -8.575978970851866",51.88865181082447,https://www.daft.ie/for-sale/detached-house-vesna-57-rosewood-ballincollig-co-cork/3433450,-8.575978970851866,7022,395000,98750.0,1945.8128078817733,Detached,203.0,10,826.0
95,"15 Glincool Grove, Ballincollig, Co. Cork",Maglin,2.0,4.0,2021-08-11,"51.88135112776452, -8.59523805920491",51.88135112776452,https://www.daft.ie/for-sale/detached-house-15-glincool-grove-ballincollig-co-cork/3480568,-8.59523805920491,2360,315000,78750.0,,Detached,,10,681.0
96,"104 Caisleán Grove, Ballincollig, Co. Cork",An Caislean,3.0,3.0,2021-08-11,"51.88419579207018, -8.604721941977742",51.88419579207018,https://www.daft.ie/for-sale/semi-detached-house-104-caisle-n-grove-ballincollig-co-cork/3447436,-8.604721941977742,3381,279000,93000.0,3134.8314606741574,Semi-D,89.0,10,496.0
97,"79 Coopers Grange, Old Quarter, Ballincollig, Co. Cork",Old Quarter,3.0,3.0,2021-08-11,"51.89008441064981, -8.590014945710507",51.89008441064981,https://www.daft.ie/for-sale/semi-detached-house-79-coopers-grange-old-quarter-ballincollig-co-cork/3453918,-8.590014945710507,0,345000,115000.0,3349.5145631067962,Semi-D,103.0,10,786.0
98,"Coolroe Ballincollig Cork, Ballincollig, Co. Cork",Coolroe,2.0,4.0,2021-08-11,"51.885279789132504, -8.622716969745719",51.885279789132504,https://www.daft.ie/for-sale/bungalow-coolroe-ballincollig-cork-ballincollig-co-cork/3465760,-8.622716969745719,3940,380000,95000.0,2835.820895522388,Bungalow,134.0,10,692.0
99,"36 Castlepark, Ballincollig, Co. Cork",Castlepark,2.0,3.0,2021-08-11,"51.88653927567583, -8.585310716875346",51.88653927567583,https://www.daft.ie/for-sale/terraced-house-36-castlepark-ballincollig-co-cork/3451398,-8.585310716875346,5384,225000,75000.0,2528.0898876404494,Terrace,89.0,10,0.0
100,"9 Highfield Crescent, Ballincollig, Co. Cork",Highfield,3.0,3.0,2021-08-10,"51.88483134751023, -8.573114016875365",51.88483134751023,https://www.daft.ie/for-sale/semi-detached-house-9-highfield-crescent-ballincollig-co-cork/3486597,-8.573114016875365,699,370000,123333.33333333333,3274.336283185841,Semi-D,113.0,10,664.0
101,"194 The Willows, Ballincollig, Co. Cork",Carrigrohanebeg,1.0,3.0,2021-08-10,"51.89309917070151, -8.580849757357647",51.89309917070151,https://www.daft.ie/for-sale/semi-detached-house-194-the-willows-ballincollig-co-cork/3481893,-8.580849757357647,3165,249500,83166.66666666667,2772.222222222222,Semi-D,90.0,10,1205.0
102,"126 Caisleán Way, Ballincollig, Co. Cork",An Caislean,3.0,3.0,2021-08-10,"51.88419579207018, -8.604721941977742",51.88419579207018,https://www.daft.ie/for-sale/semi-detached-house-126-caisle-n-way-ballincollig-co-cork/3483728,-8.604721941977742,3361,285000,95000.0,3275.862068965517,Semi-D,87.0,10,1581.0
103,"8 Millers Court, Old Quarter, Ballincollig, Co. Cork",Old Quarter,3.0,3.0,2021-08-10,"51.89008441064981, -8.590014945710507",51.89008441064981,https://www.daft.ie/for-sale/semi-detached-house-8-millers-court-old-quarter-ballincollig-co-cork/3486664,-8.590014945710507,549,345000,115000.0,3254.7169811320755,Semi-D,106.0,10,582.0
104,"22 Beech Road, Muskerry Estate, Ballincollg, Ballincollig, Co. Cork",Muskerry Estate,2.0,4.0,2021-08-10,"51.885514844369936, -8.596310161258103",51.885514844369936,https://www.daft.ie/for-sale/semi-detached-house-22-beech-road-muskerry-estate-ballincollg-ballincollig-co-cork/3486618,-8.596310161258103,517,350000,87500.0,2692.3076923076924,Semi-D,130.0,10,550.0
105,"50 Old Court, Greenfields, Ballincollig, Co. Cork",Greenfield,3.0,3.0,2021-08-10,"51.88072634468435, -8.611355403381312",51.88072634468435,https://www.daft.ie/for-sale/semi-detached-house-50-old-court-greenfields-ballincollig-co-cork/3486599,-8.611355403381312,869,350000,116666.66666666667,4022.9885057471265,Semi-D,87.0,10,812.0
106,"92 Leslies Arch, Old Quarter, Ballincollig, Co. Cork",Old Quarter,2.0,3.0,2021-08-10,"51.89008441064981, -8.590014945710507",51.89008441064981,https://www.daft.ie/for-sale/detached-house-92-leslies-arch-old-quarter-ballincollig-co-cork/3486584,-8.590014945710507,810,330000,110000.0,3548.3870967741937,Detached,93.0,10,773.0
107,"The Bungalow, Coolroe, Ballincollig, Co. Cork",Coolroe,2.0,4.0,2021-08-10,"51.885279789132504, -8.622716969745719",51.885279789132504,https://www.daft.ie/for-sale/detached-house-the-bungalow-coolroe-ballincollig-co-cork/3486576,-8.622716969745719,678,375000,93750.0,3232.7586206896553,Detached,116.0,10,911.0
108,"2 Glendower Court, Ballincollig, Co. Cork",Glendower Court,2.0,4.0,2021-08-10,"51.89097713659068, -8.579260601534097",51.89097713659068,https://www.daft.ie/for-sale/semi-detached-house-2-glendower-court-ballincollig-co-cork/3489920,-8.579260601534097,942,315000,78750.0,,Semi-D,,10,0.0
109,"94 Castlepark, Ballincollig, Co. Cork",Castlepark,1.0,3.0,2021-08-10,"51.88653927567583, -8.585310716875346",51.88653927567583,https://www.daft.ie/for-sale/semi-detached-house-94-castlepark-ballincollig-co-cork/3492381,-8.585310716875346,1716,225000,75000.0,2368.4210526315787,Semi-D,95.0,10,0.0
110,"15 Glincool Grove, Ballincollig, Co. Cork",Maglin,2.0,4.0,2021-08-10,"51.88135112776452, -8.59523805920491",51.88135112776452,https://www.daft.ie/for-sale/detached-house-15-glincool-grove-ballincollig-co-cork/3480568,-8.59523805920491,2292,315000,78750.0,,Detached,,10,681.0
111,"25 Innishmore Drive, Ballincollig, Co. Cork",Innishmore,2.0,3.0,2021-08-10,"51.88897474404985, -8.608958999892096",51.88897474404985,https://www.daft.ie/for-sale/bungalow-25-innishmore-drive-ballincollig-co-cork/3482025,-8.608958999892096,3084,229000,76333.33333333333,,Bungalow,,10,1067.0
112,"21 Leesdale Drive, Ballincollig, Co. Cork",Carrigrohane,2.0,3.0,2021-08-10,"51.89118108080445, -8.570433423222292",51.89118108080445,https://www.daft.ie/for-sale/semi-detached-house-21-leesdale-drive-ballincollig-co-cork/3475146,-8.570433423222292,4075,260000,86666.66666666667,3209.8765432098767,Semi-D,81.0,10,1004.0
113,"Vesna, 57 Rosewood, Ballincollig, Co. Cork",Rosewood,3.0,4.0,2021-08-10,"51.88865181082447, -8.575978970851866",51.88865181082447,https://www.daft.ie/for-sale/detached-house-vesna-57-rosewood-ballincollig-co-cork/3433450,-8.575978970851866,6911,395000,98750.0,1945.8128078817733,Detached,203.0,10,826.0
114,"Farran Ovens, Ballincollig, Co. Cork",Ovens,2.0,4.0,2021-08-10,"51.88127654707539, -8.658682937965343",51.88127654707539,https://www.daft.ie/for-sale/bungalow-farran-ovens-ballincollig-co-cork/1519052,-8.658682937965343,24683,325000,81250.0,1946.1077844311378,Bungalow,167.0,10,515.0
115,"Coolroe Ballincollig Cork, Ballincollig, Co. Cork",Coolroe,2.0,4.0,2021-08-10,"51.885279789132504, -8.622716969745719",51.885279789132504,https://www.daft.ie/for-sale/bungalow-coolroe-ballincollig-cork-ballincollig-co-cork/3465760,-8.622716969745719,3867,380000,95000.0,2835.820895522388,Bungalow,134.0,10,692.0
116,"Fatima, Poulavone, Ballincollig, Co. Cork",Town Center,2.0,4.0,2021-08-10,"51.8878563321983, -8.600737381727024",51.8878563321983,https://www.daft.ie/for-sale/bungalow-fatima-poulavone-ballincollig-co-cork/2933649,-8.600737381727024,12260,365000,91250.0,3443.396226415094,Bungalow,106.0,10,319.0
117,"20 Oak Avenue, Classes Lake, Ovens, Co. Cork",Ovens,2.0,3.0,2021-08-10,"51.88127654707539, -8.658682937965343",51.88127654707539,https://www.daft.ie/for-sale/semi-detached-house-20-oak-avenue-classes-lake-ovens-co-cork/3245743,-8.658682937965343,5326,300000,100000.0,,Semi-D,,10,440.0
118,"17 Coolroe Heights, Ballincollig, Co. Cork",Coolroe,2.0,4.0,2021-08-10,"51.885279789132504, -8.622716969745719",51.885279789132504,https://www.daft.ie/for-sale/semi-detached-house-17-coolroe-heights-ballincollig-co-cork/3290154,-8.622716969745719,3799,295000,73750.0,2500.0,Semi-D,118.0,10,399.0
119,"36 Westcourt Heights, Ballincollig, Co. Cork",Westcourt,2.0,4.0,2021-08-10,"51.88681255417706, -8.616295628522487",51.88681255417706,https://www.daft.ie/for-sale/detached-house-36-westcourt-heights-ballincollig-co-cork/3413318,-8.616295628522487,5762,345000,86250.0,2674.4186046511627,Detached,129.0,10,471.0
120,"14 The Avenue, Highfield Park, Ballincollig, Co. Cork",Highfield,3.0,3.0,2021-08-10,"51.88483134751023, -8.573114016875365",51.88483134751023,https://www.daft.ie/for-sale/end-of-terrace-house-14-the-avenue-highfield-park-ballincollig-co-cork/3441522,-8.573114016875365,3979,325000,108333.33333333333,3009.259259259259,End of Terrace,108.0,10,0.0
121,"104 Caisleán Grove, Ballincollig, Co. Cork",An Caislean,3.0,3.0,2021-08-10,"51.88419579207018, -8.604721941977742",51.88419579207018,https://www.daft.ie/for-sale/semi-detached-house-104-caisle-n-grove-ballincollig-co-cork/3447436,-8.604721941977742,3331,279000,93000.0,3134.8314606741574,Semi-D,89.0,10,496.0
122,"36 Castlepark, Ballincollig, Co. Cork",Castlepark,2.0,3.0,2021-08-10,"51.88653927567583, -8.585310716875346",51.88653927567583,https://www.daft.ie/for-sale/terraced-house-36-castlepark-ballincollig-co-cork/3451398,-8.585310716875346,5307,225000,75000.0,2528.0898876404494,Terrace,89.0,10,0.0
123,"79 Coopers Grange, Old Quarter, Ballincollig, Co. Cork",Old Quarter,3.0,3.0,2021-08-10,"51.89008441064981, -8.590014945710507",51.89008441064981,https://www.daft.ie/for-sale/semi-detached-house-79-coopers-grange-old-quarter-ballincollig-co-cork/3453918,-8.590014945710507,4568,345000,115000.0,3349.5145631067962,Semi-D,103.0,10,786.0
124,"The Bungalow, Coolroe, Ballincollig, Co. Cork",Coolroe,2.0,4.0,2021-08-09,"51.885279789132504, -8.622716969745719",51.885279789132504,https://www.daft.ie/for-sale/detached-house-the-bungalow-coolroe-ballincollig-co-cork/3486576,-8.622716969745719,614,375000,93750.0,3232.7586206896553,Detached,116.0,10,911.0
125,"22 Beech Road, Muskerry Estate, Ballincollg, Ballincollig, Co. Cork",Muskerry Estate,2.0,4.0,2021-08-09,"51.885514844369936, -8.596310161258103",51.885514844369936,https://www.daft.ie/for-sale/semi-detached-house-22-beech-road-muskerry-estate-ballincollg-ballincollig-co-cork/3486618,-8.596310161258103,447,350000,87500.0,2692.3076923076924,Semi-D,130.0,10,550.0
126,"9 Highfield Crescent, Ballincollig, Co. Cork",Highfield,3.0,3.0,2021-08-09,"51.88483134751023, -8.573114016875365",51.88483134751023,https://www.daft.ie/for-sale/semi-detached-house-9-highfield-crescent-ballincollig-co-cork/3486597,-8.573114016875365,601,370000,123333.33333333333,3274.336283185841,Semi-D,113.0,10,664.0
127,"92 Leslies Arch, Old Quarter, Ballincollig, Co. Cork",Old Quarter,2.0,3.0,2021-08-09,"51.89008441064981, -8.590014945710507",51.89008441064981,https://www.daft.ie/for-sale/detached-house-92-leslies-arch-old-quarter-ballincollig-co-cork/3486584,-8.590014945710507,695,330000,110000.0,3548.3870967741937,Detached,93.0,10,773.0
128,"21 Leesdale Drive, Ballincollig, Co. Cork",Carrigrohane,2.0,3.0,2021-08-09,"51.89118108080445, -8.570433423222292",51.89118108080445,https://www.daft.ie/for-sale/semi-detached-house-21-leesdale-drive-ballincollig-co-cork/3475146,-8.570433423222292,3971,260000,86666.66666666667,3209.8765432098767,Semi-D,81.0,10,1004.0
129,"50 Old Court, Greenfields, Ballincollig, Co. Cork",Greenfield,3.0,3.0,2021-08-09,"51.88072634468435, -8.611355403381312",51.88072634468435,https://www.daft.ie/for-sale/semi-detached-house-50-old-court-greenfields-ballincollig-co-cork/3486599,-8.611355403381312,785,350000,116666.66666666667,4022.9885057471265,Semi-D,87.0,10,812.0
130,"2 Glendower Court, Ballincollig, Co. Cork",Glendower Court,2.0,4.0,2021-08-09,"51.89097713659068, -8.579260601534097",51.89097713659068,https://www.daft.ie/for-sale/semi-detached-house-2-glendower-court-ballincollig-co-cork/3489920,-8.579260601534097,823,315000,78750.0,,Semi-D,,10,0.0
131,"94 Castlepark, Ballincollig, Co. Cork",Castlepark,1.0,3.0,2021-08-09,"51.88653927567583, -8.585310716875346",51.88653927567583,https://www.daft.ie/for-sale/semi-detached-house-94-castlepark-ballincollig-co-cork/3492381,-8.585310716875346,1378,225000,75000.0,2368.4210526315787,Semi-D,95.0,10,0.0
132,"194 The Willows, Ballincollig, Co. Cork",Carrigrohanebeg,1.0,3.0,2021-08-09,"51.89309917070151, -8.580849757357647",51.89309917070151,https://www.daft.ie/for-sale/semi-detached-house-194-the-willows-ballincollig-co-cork/3481893,-8.580849757357647,3029,249500,83166.66666666667,2772.222222222222,Semi-D,90.0,10,1205.0
133,"126 Caisleán Way, Ballincollig, Co. Cork",An Caislean,3.0,3.0,2021-08-09,"51.88419579207018, -8.604721941977742",51.88419579207018,https://www.daft.ie/for-sale/semi-detached-house-126-caisle-n-way-ballincollig-co-cork/3483728,-8.604721941977742,3010,285000,95000.0,3275.862068965517,Semi-D,87.0,10,1581.0
134,"8 Millers Court, Old Quarter, Ballincollig, Co. Cork",Old Quarter,3.0,3.0,2021-08-09,"51.89008441064981, -8.590014945710507",51.89008441064981,https://www.daft.ie/for-sale/semi-detached-house-8-millers-court-old-quarter-ballincollig-co-cork/3486664,-8.590014945710507,475,345000,115000.0,3254.7169811320755,Semi-D,106.0,10,582.0
135,"25 Innishmore Drive, Ballincollig, Co. Cork",Innishmore,2.0,3.0,2021-08-09,"51.88897474404985, -8.608958999892096",51.88897474404985,https://www.daft.ie/for-sale/bungalow-25-innishmore-drive-ballincollig-co-cork/3482025,-8.608958999892096,2953,229000,76333.33333333333,,Bungalow,,10,1067.0
136,"Vesna, 57 Rosewood, Ballincollig, Co. Cork",Rosewood,3.0,4.0,2021-08-09,"51.88865181082447, -8.575978970851866",51.88865181082447,https://www.daft.ie/for-sale/detached-house-vesna-57-rosewood-ballincollig-co-cork/3433450,-8.575978970851866,6807,395000,98750.0,1945.8128078817733,Detached,203.0,10,826.0
137,"Farran Ovens, Ballincollig, Co. Cork",Ovens,2.0,4.0,2021-08-09,"51.88127654707539, -8.658682937965343",51.88127654707539,https://www.daft.ie/for-sale/bungalow-farran-ovens-ballincollig-co-cork/1519052,-8.658682937965343,24621,325000,81250.0,1946.1077844311378,Bungalow,167.0,10,515.0
138,"15 Glincool Grove, Ballincollig, Co. Cork",Maglin,2.0,4.0,2021-08-09,"51.88135112776452, -8.59523805920491",51.88135112776452,https://www.daft.ie/for-sale/detached-house-15-glincool-grove-ballincollig-co-cork/3480568,-8.59523805920491,2222,315000,78750.0,,Detached,,10,681.0
139,"Fatima, Poulavone, Ballincollig, Co. Cork",Town Center,2.0,4.0,2021-08-09,"51.8878563321983, -8.600737381727024",51.8878563321983,https://www.daft.ie/for-sale/bungalow-fatima-poulavone-ballincollig-co-cork/2933649,-8.600737381727024,12224,365000,91250.0,3443.396226415094,Bungalow,106.0,10,319.0
140,"17 Coolroe Heights, Ballincollig, Co. Cork",Coolroe,2.0,4.0,2021-08-09,"51.885279789132504, -8.622716969745719",51.885279789132504,https://www.daft.ie/for-sale/semi-detached-house-17-coolroe-heights-ballincollig-co-cork/3290154,-8.622716969745719,3744,295000,73750.0,2500.0,Semi-D,118.0,10,399.0
141,"36 Westcourt Heights, Ballincollig, Co. Cork",Westcourt,2.0,4.0,2021-08-09,"51.88681255417706, -8.616295628522487",51.88681255417706,https://www.daft.ie/for-sale/detached-house-36-westcourt-heights-ballincollig-co-cork/3413318,-8.616295628522487,5687,345000,86250.0,2674.4186046511627,Detached,129.0,10,471.0
142,"20 Oak Avenue, Classes Lake, Ovens, Co. Cork",Ovens,2.0,3.0,2021-08-09,"51.88127654707539, -8.658682937965343",51.88127654707539,https://www.daft.ie/for-sale/semi-detached-house-20-oak-avenue-classes-lake-ovens-co-cork/3245743,-8.658682937965343,5271,300000,100000.0,,Semi-D,,10,440.0
143,"14 The Avenue, Highfield Park, Ballincollig, Co. Cork",Highfield,3.0,3.0,2021-08-09,"51.88483134751023, -8.573114016875365",51.88483134751023,https://www.daft.ie/for-sale/end-of-terrace-house-14-the-avenue-highfield-park-ballincollig-co-cork/3441522,-8.573114016875365,3916,325000,108333.33333333333,3009.259259259259,End of Terrace,108.0,10,0.0
144,"104 Caisleán Grove, Ballincollig, Co. Cork",An Caislean,3.0,3.0,2021-08-09,"51.88419579207018, -8.604721941977742",51.88419579207018,https://www.daft.ie/for-sale/semi-detached-house-104-caisle-n-grove-ballincollig-co-cork/3447436,-8.604721941977742,3255,279000,93000.0,3134.8314606741574,Semi-D,89.0,10,496.0
145,"36 Castlepark, Ballincollig, Co. Cork",Castlepark,2.0,3.0,2021-08-09,"51.88653927567583, -8.585310716875346",51.88653927567583,https://www.daft.ie/for-sale/terraced-house-36-castlepark-ballincollig-co-cork/3451398,-8.585310716875346,5229,225000,75000.0,2528.0898876404494,Terrace,89.0,10,0.0
146,"79 Coopers Grange, Old Quarter, Ballincollig, Co. Cork",Old Quarter,3.0,3.0,2021-08-09,"51.89008441064981, -8.590014945710507",51.89008441064981,https://www.daft.ie/for-sale/semi-detached-house-79-coopers-grange-old-quarter-ballincollig-co-cork/3453918,-8.590014945710507,4516,345000,115000.0,3349.5145631067962,Semi-D,103.0,10,786.0
147,"Coolroe Ballincollig Cork, Ballincollig, Co. Cork",Coolroe,2.0,4.0,2021-08-09,"51.885279789132504, -8.622716969745719",51.885279789132504,https://www.daft.ie/for-sale/bungalow-coolroe-ballincollig-cork-ballincollig-co-cork/3465760,-8.622716969745719,3796,380000,95000.0,2835.820895522388,Bungalow,134.0,10,692.0
148,"22 Beech Road, Muskerry Estate, Ballincollg, Ballincollig, Co. Cork",Muskerry Estate,2.0,4.0,2021-08-08,"51.885514844369936, -8.596310161258103",51.885514844369936,https://www.daft.ie/for-sale/semi-detached-house-22-beech-road-muskerry-estate-ballincollg-ballincollig-co-cork/3486618,-8.596310161258103,401,350000,87500.0,2692.3076923076924,Semi-D,130.0,10,550.0
149,"194 The Willows, Ballincollig, Co. Cork",Carrigrohanebeg,1.0,3.0,2021-08-08,"51.89309917070151, -8.580849757357647",51.89309917070151,https://www.daft.ie/for-sale/semi-detached-house-194-the-willows-ballincollig-co-cork/3481893,-8.580849757357647,2900,249500,83166.66666666667,2772.222222222222,Semi-D,90.0,10,1205.0
150,"25 Innishmore Drive, Ballincollig, Co. Cork",Innishmore,2.0,3.0,2021-08-08,"51.88897474404985, -8.608958999892096",51.88897474404985,https://www.daft.ie/for-sale/bungalow-25-innishmore-drive-ballincollig-co-cork/3482025,-8.608958999892096,2825,229000,76333.33333333333,,Bungalow,,10,1067.0
151,"15 Glincool Grove, Ballincollig, Co. Cork",Maglin,2.0,4.0,2021-08-08,"51.88135112776452, -8.59523805920491",51.88135112776452,https://www.daft.ie/for-sale/detached-house-15-glincool-grove-ballincollig-co-cork/3480568,-8.59523805920491,2147,315000,78750.0,,Detached,,10,681.0
152,"21 Leesdale Drive, Ballincollig, Co. Cork",Carrigrohane,2.0,3.0,2021-08-08,"51.89118108080445, -8.570433423222292",51.89118108080445,https://www.daft.ie/for-sale/semi-detached-house-21-leesdale-drive-ballincollig-co-cork/3475146,-8.570433423222292,3867,260000,86666.66666666667,3209.8765432098767,Semi-D,81.0,10,1004.0
153,"Coolroe Ballincollig Cork, Ballincollig, Co. Cork",Coolroe,2.0,4.0,2021-08-08,"51.885279789132504, -8.622716969745719",51.885279789132504,https://www.daft.ie/for-sale/bungalow-coolroe-ballincollig-cork-ballincollig-co-cork/3465760,-8.622716969745719,3738,380000,95000.0,2835.820895522388,Bungalow,134.0,10,692.0
154,"79 Coopers Grange, Old Quarter, Ballincollig, Co. Cork",Old Quarter,3.0,3.0,2021-08-08,"51.89008441064981, -8.590014945710507",51.89008441064981,https://www.daft.ie/for-sale/semi-detached-house-79-coopers-grange-old-quarter-ballincollig-co-cork/3453918,-8.590014945710507,4427,345000,115000.0,3349.5145631067962,Semi-D,103.0,10,786.0
155,"36 Westcourt Heights, Ballincollig, Co. Cork",Westcourt,2.0,4.0,2021-08-08,"51.88681255417706, -8.616295628522487",51.88681255417706,https://www.daft.ie/for-sale/detached-house-36-westcourt-heights-ballincollig-co-cork/3413318,-8.616295628522487,5652,345000,86250.0,2674.4186046511627,Detached,129.0,10,471.0
156,"36 Castlepark, Ballincollig, Co. Cork",Castlepark,2.0,3.0,2021-08-08,"51.88653927567583, -8.585310716875346",51.88653927567583,https://www.daft.ie/for-sale/terraced-house-36-castlepark-ballincollig-co-cork/3451398,-8.585310716875346,5168,225000,75000.0,2528.0898876404494,Terrace,89.0,10,0.0
157,"104 Caisleán Grove, Ballincollig, Co. Cork",An Caislean,3.0,3.0,2021-08-08,"51.88419579207018, -8.604721941977742",51.88419579207018,https://www.daft.ie/for-sale/semi-detached-house-104-caisle-n-grove-ballincollig-co-cork/3447436,-8.604721941977742,3202,279000,93000.0,3134.8314606741574,Semi-D,89.0,10,496.0
158,"14 The Avenue, Highfield Park, Ballincollig, Co. Cork",Highfield,3.0,3.0,2021-08-08,"51.88483134751023, -8.573114016875365",51.88483134751023,https://www.daft.ie/for-sale/end-of-terrace-house-14-the-avenue-highfield-park-ballincollig-co-cork/3441522,-8.573114016875365,3864,325000,108333.33333333333,3009.259259259259,End of Terrace,108.0,10,0.0
159,"Vesna, 57 Rosewood, Ballincollig, Co. Cork",Rosewood,3.0,4.0,2021-08-08,"51.88865181082447, -8.575978970851866",51.88865181082447,https://www.daft.ie/for-sale/detached-house-vesna-57-rosewood-ballincollig-co-cork/3433450,-8.575978970851866,6720,395000,98750.0,1945.8128078817733,Detached,203.0,10,826.0
160,"17 Coolroe Heights, Ballincollig, Co. Cork",Coolroe,2.0,4.0,2021-08-08,"51.885279789132504, -8.622716969745719",51.885279789132504,https://www.daft.ie/for-sale/semi-detached-house-17-coolroe-heights-ballincollig-co-cork/3290154,-8.622716969745719,3706,295000,73750.0,2500.0,Semi-D,118.0,10,399.0
161,"20 Oak Avenue, Classes Lake, Ovens, Co. Cork",Ovens,2.0,3.0,2021-08-08,"51.88127654707539, -8.658682937965343",51.88127654707539,https://www.daft.ie/for-sale/semi-detached-house-20-oak-avenue-classes-lake-ovens-co-cork/3245743,-8.658682937965343,5231,300000,100000.0,,Semi-D,,10,440.0
162,"Fatima, Poulavone, Ballincollig, Co. Cork",Town Center,2.0,4.0,2021-08-08,"51.8878563321983, -8.600737381727024",51.8878563321983,https://www.daft.ie/for-sale/bungalow-fatima-poulavone-ballincollig-co-cork/2933649,-8.600737381727024,12183,365000,91250.0,3443.396226415094,Bungalow,106.0,10,319.0
163,"Farran Ovens, Ballincollig, Co. Cork",Ovens,2.0,4.0,2021-08-08,"51.88127654707539, -8.658682937965343",51.88127654707539,https://www.daft.ie/for-sale/bungalow-farran-ovens-ballincollig-co-cork/1519052,-8.658682937965343,24556,325000,81250.0,1946.1077844311378,Bungalow,167.0,10,515.0
164,"8 Millers Court, Old Quarter, Ballincollig, Co. Cork",Old Quarter,3.0,3.0,2021-08-08,"51.89008441064981, -8.590014945710507",51.89008441064981,https://www.daft.ie/for-sale/semi-detached-house-8-millers-court-old-quarter-ballincollig-co-cork/3486664,-8.590014945710507,422,345000,115000.0,3254.7169811320755,Semi-D,106.0,10,582.0
165,"126 Caisleán Way, Ballincollig, Co. Cork",An Caislean,3.0,3.0,2021-08-08,"51.88419579207018, -8.604721941977742",51.88419579207018,https://www.daft.ie/for-sale/semi-detached-house-126-caisle-n-way-ballincollig-co-cork/3483728,-8.604721941977742,2866,285000,95000.0,3275.862068965517,Semi-D,87.0,10,1581.0
166,"9 Highfield Crescent, Ballincollig, Co. Cork",Highfield,3.0,3.0,2021-08-08,"51.88483134751023, -8.573114016875365",51.88483134751023,https://www.daft.ie/for-sale/semi-detached-house-9-highfield-crescent-ballincollig-co-cork/3486597,-8.573114016875365,540,370000,123333.33333333333,3274.336283185841,Semi-D,113.0,10,664.0
167,"The Bungalow, Coolroe, Ballincollig, Co. Cork",Coolroe,2.0,4.0,2021-08-08,"51.885279789132504, -8.622716969745719",51.885279789132504,https://www.daft.ie/for-sale/detached-house-the-bungalow-coolroe-ballincollig-co-cork/3486576,-8.622716969745719,553,375000,93750.0,3232.7586206896553,Detached,116.0,10,911.0
168,"50 Old Court, Greenfields, Ballincollig, Co. Cork",Greenfield,3.0,3.0,2021-08-08,"51.88072634468435, -8.611355403381312",51.88072634468435,https://www.daft.ie/for-sale/semi-detached-house-50-old-court-greenfields-ballincollig-co-cork/3486599,-8.611355403381312,723,350000,116666.66666666667,4022.9885057471265,Semi-D,87.0,10,812.0
169,"2 Glendower Court, Ballincollig, Co. Cork",Glendower Court,2.0,4.0,2021-08-08,"51.89097713659068, -8.579260601534097",51.89097713659068,https://www.daft.ie/for-sale/semi-detached-house-2-glendower-court-ballincollig-co-cork/3489920,-8.579260601534097,722,315000,78750.0,,Semi-D,,10,0.0
170,"94 Castlepark, Ballincollig, Co. Cork",Castlepark,1.0,3.0,2021-08-08,"51.88653927567583, -8.585310716875346",51.88653927567583,https://www.daft.ie/for-sale/semi-detached-house-94-castlepark-ballincollig-co-cork/3492381,-8.585310716875346,1039,225000,75000.0,2368.4210526315787,Semi-D,95.0,10,0.0
171,"92 Leslies Arch, Old Quarter, Ballincollig, Co. Cork",Old Quarter,2.0,3.0,2021-08-08,"51.89008441064981, -8.590014945710507",51.89008441064981,https://www.daft.ie/for-sale/detached-house-92-leslies-arch-old-quarter-ballincollig-co-cork/3486584,-8.590014945710507,618,330000,110000.0,3548.3870967741937,Detached,93.0,10,773.0
172,"92 Leslies Arch, Old Quarter, Ballincollig, Co. Cork",Old Quarter,2.0,3.0,2021-08-07,"51.89008441064981, -8.590014945710507",51.89008441064981,https://www.daft.ie/for-sale/detached-house-92-leslies-arch-old-quarter-ballincollig-co-cork/3486584,-8.590014945710507,528,330000,110000.0,3548.3870967741937,Detached,93.0,10,773.0
173,"126 Caisleán Way, Ballincollig, Co. Cork",An Caislean,3.0,3.0,2021-08-07,"51.88419579207018, -8.604721941977742",51.88419579207018,https://www.daft.ie/for-sale/semi-detached-house-126-caisle-n-way-ballincollig-co-cork/3483728,-8.604721941977742,2713,285000,95000.0,3275.862068965517,Semi-D,87.0,10,1581.0
174,"8 Millers Court, Old Quarter, Ballincollig, Co. Cork",Old Quarter,3.0,3.0,2021-08-07,"51.89008441064981, -8.590014945710507",51.89008441064981,https://www.daft.ie/for-sale/semi-detached-house-8-millers-court-old-quarter-ballincollig-co-cork/3486664,-8.590014945710507,356,345000,115000.0,3254.7169811320755,Semi-D,106.0,10,582.0
175,"22 Beech Road, Muskerry Estate, Ballincollg, Ballincollig, Co. Cork",Muskerry Estate,2.0,4.0,2021-08-07,"51.885514844369936, -8.596310161258103",51.885514844369936,https://www.daft.ie/for-sale/semi-detached-house-22-beech-road-muskerry-estate-ballincollg-ballincollig-co-cork/3486618,-8.596310161258103,345,350000,87500.0,2692.3076923076924,Semi-D,130.0,10,550.0
176,"9 Highfield Crescent, Ballincollig, Co. Cork",Highfield,3.0,3.0,2021-08-07,"51.88483134751023, -8.573114016875365",51.88483134751023,https://www.daft.ie/for-sale/semi-detached-house-9-highfield-crescent-ballincollig-co-cork/3486597,-8.573114016875365,466,370000,123333.33333333333,3274.336283185841,Semi-D,113.0,10,664.0
177,"2 Glendower Court, Ballincollig, Co. Cork",Glendower Court,2.0,4.0,2021-08-07,"51.89097713659068, -8.579260601534097",51.89097713659068,https://www.daft.ie/for-sale/semi-detached-house-2-glendower-court-ballincollig-co-cork/3489920,-8.579260601534097,628,315000,78750.0,,Semi-D,,10,0.0
178,"The Bungalow, Coolroe, Ballincollig, Co. Cork",Coolroe,2.0,4.0,2021-08-07,"51.885279789132504, -8.622716969745719",51.885279789132504,https://www.daft.ie/for-sale/detached-house-the-bungalow-coolroe-ballincollig-co-cork/3486576,-8.622716969745719,480,375000,93750.0,3232.7586206896553,Detached,116.0,10,911.0
179,"50 Old Court, Greenfields, Ballincollig, Co. Cork",Greenfield,3.0,3.0,2021-08-07,"51.88072634468435, -8.611355403381312",51.88072634468435,https://www.daft.ie/for-sale/semi-detached-house-50-old-court-greenfields-ballincollig-co-cork/3486599,-8.611355403381312,635,350000,116666.66666666667,4022.9885057471265,Semi-D,87.0,10,812.0
180,"25 Innishmore Drive, Ballincollig, Co. Cork",Innishmore,2.0,3.0,2021-08-07,"51.88897474404985, -8.608958999892096",51.88897474404985,https://www.daft.ie/for-sale/bungalow-25-innishmore-drive-ballincollig-co-cork/3482025,-8.608958999892096,2733,229000,76333.33333333333,,Bungalow,,10,1067.0
181,"94 Castlepark, Ballincollig, Co. Cork",Castlepark,1.0,3.0,2021-08-07,"51.88653927567583, -8.585310716875346",51.88653927567583,https://www.daft.ie/for-sale/semi-detached-house-94-castlepark-ballincollig-co-cork/3492381,-8.585310716875346,644,225000,75000.0,2368.4210526315787,Semi-D,95.0,10,0.0
182,"194 The Willows, Ballincollig, Co. Cork",Carrigrohanebeg,1.0,3.0,2021-08-07,"51.89309917070151, -8.580849757357647",51.89309917070151,https://www.daft.ie/for-sale/semi-detached-house-194-the-willows-ballincollig-co-cork/3481893,-8.580849757357647,2788,249500,83166.66666666667,2772.222222222222,Semi-D,90.0,10,1205.0
183,"17 Coolroe Heights, Ballincollig, Co. Cork",Coolroe,2.0,4.0,2021-08-07,"51.885279789132504, -8.622716969745719",51.885279789132504,https://www.daft.ie/for-sale/semi-detached-house-17-coolroe-heights-ballincollig-co-cork/3290154,-8.622716969745719,3674,295000,73750.0,2500.0,Semi-D,118.0,10,399.0
184,"15 Glincool Grove, Ballincollig, Co. Cork",Maglin,2.0,4.0,2021-08-07,"51.88135112776452, -8.59523805920491",51.88135112776452,https://www.daft.ie/for-sale/detached-house-15-glincool-grove-ballincollig-co-cork/3480568,-8.59523805920491,2052,315000,78750.0,,Detached,,10,681.0
185,"Vesna, 57 Rosewood, Ballincollig, Co. Cork",Rosewood,3.0,4.0,2021-08-07,"51.88865181082447, -8.575978970851866",51.88865181082447,https://www.daft.ie/for-sale/detached-house-vesna-57-rosewood-ballincollig-co-cork/3433450,-8.575978970851866,6631,395000,98750.0,1945.8128078817733,Detached,203.0,10,826.0
186,"Farran Ovens, Ballincollig, Co. Cork",Ovens,2.0,4.0,2021-08-07,"51.88127654707539, -8.658682937965343",51.88127654707539,https://www.daft.ie/for-sale/bungalow-farran-ovens-ballincollig-co-cork/1519052,-8.658682937965343,24496,325000,81250.0,1946.1077844311378,Bungalow,167.0,10,515.0
187,"Fatima, Poulavone, Ballincollig, Co. Cork",Town Center,2.0,4.0,2021-08-07,"51.8878563321983, -8.600737381727024",51.8878563321983,https://www.daft.ie/for-sale/bungalow-fatima-poulavone-ballincollig-co-cork/2933649,-8.600737381727024,12143,365000,91250.0,3443.396226415094,Bungalow,106.0,10,319.0
188,"20 Oak Avenue, Classes Lake, Ovens, Co. Cork",Ovens,2.0,3.0,2021-08-07,"51.88127654707539, -8.658682937965343",51.88127654707539,https://www.daft.ie/for-sale/semi-detached-house-20-oak-avenue-classes-lake-ovens-co-cork/3245743,-8.658682937965343,5185,300000,100000.0,,Semi-D,,10,440.0
189,"36 Westcourt Heights, Ballincollig, Co. Cork",Westcourt,2.0,4.0,2021-08-07,"51.88681255417706, -8.616295628522487",51.88681255417706,https://www.daft.ie/for-sale/detached-house-36-westcourt-heights-ballincollig-co-cork/3413318,-8.616295628522487,5610,345000,86250.0,2674.4186046511627,Detached,129.0,10,471.0
190,"21 Leesdale Drive, Ballincollig, Co. Cork",Carrigrohane,2.0,3.0,2021-08-07,"51.89118108080445, -8.570433423222292",51.89118108080445,https://www.daft.ie/for-sale/semi-detached-house-21-leesdale-drive-ballincollig-co-cork/3475146,-8.570433423222292,3792,260000,86666.66666666667,3209.8765432098767,Semi-D,81.0,10,1004.0
191,"14 The Avenue, Highfield Park, Ballincollig, Co. Cork",Highfield,3.0,3.0,2021-08-07,"51.88483134751023, -8.573114016875365",51.88483134751023,https://www.daft.ie/for-sale/end-of-terrace-house-14-the-avenue-highfield-park-ballincollig-co-cork/3441522,-8.573114016875365,3817,325000,108333.33333333333,3009.259259259259,End of Terrace,108.0,10,0.0
192,"104 Caisleán Grove, Ballincollig, Co. Cork",An Caislean,3.0,3.0,2021-08-07,"51.88419579207018, -8.604721941977742",51.88419579207018,https://www.daft.ie/for-sale/semi-detached-house-104-caisle-n-grove-ballincollig-co-cork/3447436,-8.604721941977742,3144,279000,93000.0,3134.8314606741574,Semi-D,89.0,10,496.0
193,"36 Castlepark, Ballincollig, Co. Cork",Castlepark,2.0,3.0,2021-08-07,"51.88653927567583, -8.585310716875346",51.88653927567583,https://www.daft.ie/for-sale/terraced-house-36-castlepark-ballincollig-co-cork/3451398,-8.585310716875346,5060,225000,75000.0,2528.0898876404494,Terrace,89.0,10,0.0
194,"79 Coopers Grange, Old Quarter, Ballincollig, Co. Cork",Old Quarter,3.0,3.0,2021-08-07,"51.89008441064981, -8.590014945710507",51.89008441064981,https://www.daft.ie/for-sale/semi-detached-house-79-coopers-grange-old-quarter-ballincollig-co-cork/3453918,-8.590014945710507,4355,345000,115000.0,3349.5145631067962,Semi-D,103.0,10,786.0
195,"Coolroe Ballincollig Cork, Ballincollig, Co. Cork",Coolroe,2.0,4.0,2021-08-07,"51.885279789132504, -8.622716969745719",51.885279789132504,https://www.daft.ie/for-sale/bungalow-coolroe-ballincollig-cork-ballincollig-co-cork/3465760,-8.622716969745719,3662,380000,95000.0,2835.820895522388,Bungalow,134.0,10,692.0
196,"25 Innishmore Drive, Ballincollig, Co. Cork",Innishmore,2.0,3.0,2021-08-06,"51.88897474404985, -8.608958999892096",51.88897474404985,https://www.daft.ie/for-sale/bungalow-25-innishmore-drive-ballincollig-co-cork/3482025,-8.608958999892096,2585,229000,76333.33333333333,,Bungalow,,10,1067.0
197,"2 Glendower Court, Ballincollig, Co. Cork",Glendower Court,2.0,4.0,2021-08-06,"51.89097713659068, -8.579260601534097",51.89097713659068,https://www.daft.ie/for-sale/semi-detached-house-2-glendower-court-ballincollig-co-cork/3489920,-8.579260601534097,474,315000,78750.0,,Semi-D,,10,0.0
198,"50 Old Court, Greenfields, Ballincollig, Co. Cork",Greenfield,3.0,3.0,2021-08-06,"51.88072634468435, -8.611355403381312",51.88072634468435,https://www.daft.ie/for-sale/semi-detached-house-50-old-court-greenfields-ballincollig-co-cork/3486599,-8.611355403381312,547,350000,116666.66666666667,4022.9885057471265,Semi-D,87.0,10,812.0
199,"The Bungalow, Coolroe, Ballincollig, Co. Cork",Coolroe,2.0,4.0,2021-08-06,"51.885279789132504, -8.622716969745719",51.885279789132504,https://www.daft.ie/for-sale/detached-house-the-bungalow-coolroe-ballincollig-co-cork/3486576,-8.622716969745719,406,375000,93750.0,3232.7586206896553,Detached,116.0,10,911.0
200,"92 Leslies Arch, Old Quarter, Ballincollig, Co. Cork",Old Quarter,2.0,3.0,2021-08-06,"51.89008441064981, -8.590014945710507",51.89008441064981,https://www.daft.ie/for-sale/detached-house-92-leslies-arch-old-quarter-ballincollig-co-cork/3486584,-8.590014945710507,446,330000,110000.0,3548.3870967741937,Detached,93.0,10,773.0
201,"9 Highfield Crescent, Ballincollig, Co. Cork",Highfield,3.0,3.0,2021-08-06,"51.88483134751023, -8.573114016875365",51.88483134751023,https://www.daft.ie/for-sale/semi-detached-house-9-highfield-crescent-ballincollig-co-cork/3486597,-8.573114016875365,389,370000,123333.33333333333,3274.336283185841,Semi-D,113.0,10,664.0
202,"22 Beech Road, Muskerry Estate, Ballincollg, Ballincollig, Co. Cork",Muskerry Estate,2.0,4.0,2021-08-06,"51.885514844369936, -8.596310161258103",51.885514844369936,https://www.daft.ie/for-sale/semi-detached-house-22-beech-road-muskerry-estate-ballincollg-ballincollig-co-cork/3486618,-8.596310161258103,286,350000,87500.0,2692.3076923076924,Semi-D,130.0,10,550.0
203,"8 Millers Court, Old Quarter, Ballincollig, Co. Cork",Old Quarter,3.0,3.0,2021-08-06,"51.89008441064981, -8.590014945710507",51.89008441064981,https://www.daft.ie/for-sale/semi-detached-house-8-millers-court-old-quarter-ballincollig-co-cork/3486664,-8.590014945710507,291,345000,115000.0,3254.7169811320755,Semi-D,106.0,10,582.0
204,"126 Caisleán Way, Ballincollig, Co. Cork",An Caislean,3.0,3.0,2021-08-06,"51.88419579207018, -8.604721941977742",51.88419579207018,https://www.daft.ie/for-sale/semi-detached-house-126-caisle-n-way-ballincollig-co-cork/3483728,-8.604721941977742,2536,285000,95000.0,3275.862068965517,Semi-D,87.0,10,1581.0
205,"194 The Willows, Ballincollig, Co. Cork",Carrigrohanebeg,1.0,3.0,2021-08-06,"51.89309917070151, -8.580849757357647",51.89309917070151,https://www.daft.ie/for-sale/semi-detached-house-194-the-willows-ballincollig-co-cork/3481893,-8.580849757357647,2655,249500,83166.66666666667,2772.222222222222,Semi-D,90.0,10,1205.0
206,"15 Glincool Grove, Ballincollig, Co. Cork",Maglin,2.0,4.0,2021-08-06,"51.88135112776452, -8.59523805920491",51.88135112776452,https://www.daft.ie/for-sale/detached-house-15-glincool-grove-ballincollig-co-cork/3480568,-8.59523805920491,1961,315000,78750.0,,Detached,,10,681.0
207,"Fatima, Poulavone, Ballincollig, Co. Cork",Town Center,2.0,4.0,2021-08-06,"51.8878563321983, -8.600737381727024",51.8878563321983,https://www.daft.ie/for-sale/bungalow-fatima-poulavone-ballincollig-co-cork/2933649,-8.600737381727024,12113,365000,91250.0,3443.396226415094,Bungalow,106.0,10,319.0
208,"14 The Avenue, Highfield Park, Ballincollig, Co. Cork",Highfield,3.0,3.0,2021-08-06,"51.88483134751023, -8.573114016875365",51.88483134751023,https://www.daft.ie/for-sale/end-of-terrace-house-14-the-avenue-highfield-park-ballincollig-co-cork/3441522,-8.573114016875365,3778,325000,108333.33333333333,3009.259259259259,End of Terrace,108.0,10,0.0
209,"Farran Ovens, Ballincollig, Co. Cork",Ovens,2.0,4.0,2021-08-06,"51.88127654707539, -8.658682937965343",51.88127654707539,https://www.daft.ie/for-sale/bungalow-farran-ovens-ballincollig-co-cork/1519052,-8.658682937965343,24440,325000,81250.0,1946.1077844311378,Bungalow,167.0,10,515.0
210,"21 Leesdale Drive, Ballincollig, Co. Cork",Carrigrohane,2.0,3.0,2021-08-06,"51.89118108080445, -8.570433423222292",51.89118108080445,https://www.daft.ie/for-sale/semi-detached-house-21-leesdale-drive-ballincollig-co-cork/3475146,-8.570433423222292,3683,260000,86666.66666666667,3209.8765432098767,Semi-D,81.0,10,1004.0
211,"20 Oak Avenue, Classes Lake, Ovens, Co. Cork",Ovens,2.0,3.0,2021-08-06,"51.88127654707539, -8.658682937965343",51.88127654707539,https://www.daft.ie/for-sale/semi-detached-house-20-oak-avenue-classes-lake-ovens-co-cork/3245743,-8.658682937965343,5147,300000,100000.0,,Semi-D,,10,440.0
212,"17 Coolroe Heights, Ballincollig, Co. Cork",Coolroe,2.0,4.0,2021-08-06,"51.885279789132504, -8.622716969745719",51.885279789132504,https://www.daft.ie/for-sale/semi-detached-house-17-coolroe-heights-ballincollig-co-cork/3290154,-8.622716969745719,3632,295000,73750.0,2500.0,Semi-D,118.0,10,399.0
213,"Vesna, 57 Rosewood, Ballincollig, Co. Cork",Rosewood,3.0,4.0,2021-08-06,"51.88865181082447, -8.575978970851866",51.88865181082447,https://www.daft.ie/for-sale/detached-house-vesna-57-rosewood-ballincollig-co-cork/3433450,-8.575978970851866,6542,395000,98750.0,1945.8128078817733,Detached,203.0,10,826.0
214,"36 Westcourt Heights, Ballincollig, Co. Cork",Westcourt,2.0,4.0,2021-08-06,"51.88681255417706, -8.616295628522487",51.88681255417706,https://www.daft.ie/for-sale/detached-house-36-westcourt-heights-ballincollig-co-cork/3413318,-8.616295628522487,5562,345000,86250.0,2674.4186046511627,Detached,129.0,10,471.0
215,"104 Caisleán Grove, Ballincollig, Co. Cork",An Caislean,3.0,3.0,2021-08-06,"51.88419579207018, -8.604721941977742",51.88419579207018,https://www.daft.ie/for-sale/semi-detached-house-104-caisle-n-grove-ballincollig-co-cork/3447436,-8.604721941977742,3087,279000,93000.0,3134.8314606741574,Semi-D,89.0,10,496.0
216,"36 Castlepark, Ballincollig, Co. Cork",Castlepark,2.0,3.0,2021-08-06,"51.88653927567583, -8.585310716875346",51.88653927567583,https://www.daft.ie/for-sale/terraced-house-36-castlepark-ballincollig-co-cork/3451398,-8.585310716875346,4952,225000,75000.0,2528.0898876404494,Terrace,89.0,10,0.0
217,"79 Coopers Grange, Old Quarter, Ballincollig, Co. Cork",Old Quarter,3.0,3.0,2021-08-06,"51.89008441064981, -8.590014945710507",51.89008441064981,https://www.daft.ie/for-sale/semi-detached-house-79-coopers-grange-old-quarter-ballincollig-co-cork/3453918,-8.590014945710507,4274,345000,115000.0,3349.5145631067962,Semi-D,103.0,10,786.0
218,"Coolroe Ballincollig Cork, Ballincollig, Co. Cork",Coolroe,2.0,4.0,2021-08-06,"51.885279789132504, -8.622716969745719",51.885279789132504,https://www.daft.ie/for-sale/bungalow-coolroe-ballincollig-cork-ballincollig-co-cork/3465760,-8.622716969745719,3568,380000,95000.0,2835.820895522388,Bungalow,134.0,10,692.0
219,"22 Beech Road, Muskerry Estate, Ballincollg, Ballincollig, Co. Cork",Muskerry Estate,2.0,4.0,2021-08-05,"51.885514844369936, -8.596310161258103",51.885514844369936,https://www.daft.ie/for-sale/semi-detached-house-22-beech-road-muskerry-estate-ballincollg-ballincollig-co-cork/3486618,-8.596310161258103,217,350000,87500.0,2692.3076923076924,Semi-D,130.0,10,550.0
220,"25 Innishmore Drive, Ballincollig, Co. Cork",Innishmore,2.0,3.0,2021-08-05,"51.88897474404985, -8.608958999892096",51.88897474404985,https://www.daft.ie/for-sale/bungalow-25-innishmore-drive-ballincollig-co-cork/3482025,-8.608958999892096,2440,229000,76333.33333333333,,Bungalow,,10,1067.0
221,"194 The Willows, Ballincollig, Co. Cork",Carrigrohanebeg,1.0,3.0,2021-08-05,"51.89309917070151, -8.580849757357647",51.89309917070151,https://www.daft.ie/for-sale/semi-detached-house-194-the-willows-ballincollig-co-cork/3481893,-8.580849757357647,2512,249500,83166.66666666667,2772.222222222222,Semi-D,90.0,10,1205.0
222,"126 Caisleán Way, Ballincollig, Co. Cork",An Caislean,3.0,3.0,2021-08-05,"51.88419579207018, -8.604721941977742",51.88419579207018,https://www.daft.ie/for-sale/semi-detached-house-126-caisle-n-way-ballincollig-co-cork/3483728,-8.604721941977742,2324,285000,95000.0,3275.862068965517,Semi-D,87.0,10,1581.0
223,"8 Millers Court, Old Quarter, Ballincollig, Co. Cork",Old Quarter,3.0,3.0,2021-08-05,"51.89008441064981, -8.590014945710507",51.89008441064981,https://www.daft.ie/for-sale/semi-detached-house-8-millers-court-old-quarter-ballincollig-co-cork/3486664,-8.590014945710507,223,345000,115000.0,3254.7169811320755,Semi-D,106.0,10,582.0
224,"21 Leesdale Drive, Ballincollig, Co. Cork",Carrigrohane,2.0,3.0,2021-08-05,"51.89118108080445, -8.570433423222292",51.89118108080445,https://www.daft.ie/for-sale/semi-detached-house-21-leesdale-drive-ballincollig-co-cork/3475146,-8.570433423222292,3563,260000,86666.66666666667,3209.8765432098767,Semi-D,81.0,10,1004.0
225,"9 Highfield Crescent, Ballincollig, Co. Cork",Highfield,3.0,3.0,2021-08-05,"51.88483134751023, -8.573114016875365",51.88483134751023,https://www.daft.ie/for-sale/semi-detached-house-9-highfield-crescent-ballincollig-co-cork/3486597,-8.573114016875365,293,370000,123333.33333333333,3274.336283185841,Semi-D,113.0,10,664.0
226,"92 Leslies Arch, Old Quarter, Ballincollig, Co. Cork",Old Quarter,2.0,3.0,2021-08-05,"51.89008441064981, -8.590014945710507",51.89008441064981,https://www.daft.ie/for-sale/detached-house-92-leslies-arch-old-quarter-ballincollig-co-cork/3486584,-8.590014945710507,352,330000,110000.0,3548.3870967741937,Detached,93.0,10,773.0
227,"The Bungalow, Coolroe, Ballincollig, Co. Cork",Coolroe,2.0,4.0,2021-08-05,"51.885279789132504, -8.622716969745719",51.885279789132504,https://www.daft.ie/for-sale/detached-house-the-bungalow-coolroe-ballincollig-co-cork/3486576,-8.622716969745719,0,375000,93750.0,3232.7586206896553,Detached,116.0,10,911.0
228,"50 Old Court, Greenfields, Ballincollig, Co. Cork",Greenfield,3.0,3.0,2021-08-05,"51.88072634468435, -8.611355403381312",51.88072634468435,https://www.daft.ie/for-sale/semi-detached-house-50-old-court-greenfields-ballincollig-co-cork/3486599,-8.611355403381312,424,350000,116666.66666666667,4022.9885057471265,Semi-D,87.0,10,812.0
229,"15 Glincool Grove, Ballincollig, Co. Cork",Maglin,2.0,4.0,2021-08-05,"51.88135112776452, -8.59523805920491",51.88135112776452,https://www.daft.ie/for-sale/detached-house-15-glincool-grove-ballincollig-co-cork/3480568,-8.59523805920491,1877,315000,78750.0,,Detached,,10,681.0
230,"Fatima, Poulavone, Ballincollig, Co. Cork",Town Center,2.0,4.0,2021-08-05,"51.8878563321983, -8.600737381727024",51.8878563321983,https://www.daft.ie/for-sale/bungalow-fatima-poulavone-ballincollig-co-cork/2933649,-8.600737381727024,12089,365000,91250.0,3443.396226415094,Bungalow,106.0,10,319.0
231,"Coolroe Ballincollig Cork, Ballincollig, Co. Cork",Coolroe,2.0,4.0,2021-08-05,"51.885279789132504, -8.622716969745719",51.885279789132504,https://www.daft.ie/for-sale/bungalow-coolroe-ballincollig-cork-ballincollig-co-cork/3465760,-8.622716969745719,3476,380000,95000.0,2835.820895522388,Bungalow,134.0,10,692.0
232,"36 Westcourt Heights, Ballincollig, Co. Cork",Westcourt,2.0,4.0,2021-08-05,"51.88681255417706, -8.616295628522487",51.88681255417706,https://www.daft.ie/for-sale/detached-house-36-westcourt-heights-ballincollig-co-cork/3413318,-8.616295628522487,5516,345000,86250.0,2674.4186046511627,Detached,129.0,10,471.0
233,"Farran Ovens, Ballincollig, Co. Cork",Ovens,2.0,4.0,2021-08-05,"51.88127654707539, -8.658682937965343",51.88127654707539,https://www.daft.ie/for-sale/bungalow-farran-ovens-ballincollig-co-cork/1519052,-8.658682937965343,24395,325000,81250.0,1946.1077844311378,Bungalow,167.0,10,515.0
234,"79 Coopers Grange, Old Quarter, Ballincollig, Co. Cork",Old Quarter,3.0,3.0,2021-08-05,"51.89008441064981, -8.590014945710507",51.89008441064981,https://www.daft.ie/for-sale/semi-detached-house-79-coopers-grange-old-quarter-ballincollig-co-cork/3453918,-8.590014945710507,4170,345000,115000.0,3349.5145631067962,Semi-D,103.0,10,786.0
235,"20 Oak Avenue, Classes Lake, Ovens, Co. Cork",Ovens,2.0,3.0,2021-08-05,"51.88127654707539, -8.658682937965343",51.88127654707539,https://www.daft.ie/for-sale/semi-detached-house-20-oak-avenue-classes-lake-ovens-co-cork/3245743,-8.658682937965343,5100,300000,100000.0,,Semi-D,,10,440.0
236,"17 Coolroe Heights, Ballincollig, Co. Cork",Coolroe,2.0,4.0,2021-08-05,"51.885279789132504, -8.622716969745719",51.885279789132504,https://www.daft.ie/for-sale/semi-detached-house-17-coolroe-heights-ballincollig-co-cork/3290154,-8.622716969745719,3581,295000,73750.0,2500.0,Semi-D,118.0,10,399.0
237,"2 Glendower Court, Ballincollig, Co. Cork",Glendower Court,2.0,4.0,2021-08-05,"51.89097713659068, -8.579260601534097",51.89097713659068,https://www.daft.ie/for-sale/semi-detached-house-2-glendower-court-ballincollig-co-cork/3411945,-8.579260601534097,4218,315000,78750.0,,Semi-D,,10,0.0
238,"Vesna, 57 Rosewood, Ballincollig, Co. Cork",Rosewood,3.0,4.0,2021-08-05,"51.88865181082447, -8.575978970851866",51.88865181082447,https://www.daft.ie/for-sale/detached-house-vesna-57-rosewood-ballincollig-co-cork/3433450,-8.575978970851866,6445,395000,98750.0,1945.8128078817733,Detached,203.0,10,826.0
239,"14 The Avenue, Highfield Park, Ballincollig, Co. Cork",Highfield,3.0,3.0,2021-08-05,"51.88483134751023, -8.573114016875365",51.88483134751023,https://www.daft.ie/for-sale/end-of-terrace-house-14-the-avenue-highfield-park-ballincollig-co-cork/3441522,-8.573114016875365,3714,325000,108333.33333333333,3009.259259259259,End of Terrace,108.0,10,0.0
240,"104 Caisleán Grove, Ballincollig, Co. Cork",An Caislean,3.0,3.0,2021-08-05,"51.88419579207018, -8.604721941977742",51.88419579207018,https://www.daft.ie/for-sale/semi-detached-house-104-caisle-n-grove-ballincollig-co-cork/3447436,-8.604721941977742,3043,279000,93000.0,3134.8314606741574,Semi-D,89.0,10,496.0
241,"36 Castlepark, Ballincollig, Co. Cork",Castlepark,2.0,3.0,2021-08-05,"51.88653927567583, -8.585310716875346",51.88653927567583,https://www.daft.ie/for-sale/terraced-house-36-castlepark-ballincollig-co-cork/3451398,-8.585310716875346,4843,225000,75000.0,2528.0898876404494,Terrace,89.0,10,0.0
