address,cuisine,link,locality,rating,title
"Avenida de los Pueblos, 26 URB. San Eugenio, Local 9- 10, 38670","Indian, Asian, Balti",https://www.tripadvisor.ie/Restaurant_Review-g662606-d19092010-Reviews-Hindustani_Indian_Restaurant-Costa_Adeje_Adeje_Tenerife_Canary_Islands.html,Adeje,5.0,Hindustani Indian Restaurant
"Calle Valencia No. 3 Pueblo Torviscas Mall, local E03 and E04, 38660","Indian, Asian, Balti",https://www.tripadvisor.ie/Restaurant_Review-g662606-d15148633-Reviews-Welcome_India-Costa_Adeje_Adeje_Tenerife_Canary_Islands.html,Adeje,5.0,Welcome India
"Avenida de Espana numero 2, 38660","Bar, Cafe, International",https://www.tripadvisor.ie/Restaurant_Review-g662606-d17779026-Reviews-The_Thirsty_Turtle_Cafe_Terrace_Bar-Costa_Adeje_Adeje_Tenerife_Canary_Islands.html,Adeje,5.0,The Thirsty Turtle Café & Terrace Bar
"Calle Valencia Torviscas Bajo, 38660","Indian, Asian, Balti",https://www.tripadvisor.ie/Restaurant_Review-g662606-d1959825-Reviews-Torviscas_Spice_Village-Costa_Adeje_Adeje_Tenerife_Canary_Islands.html,Adeje,5.0,Torviscas Spice Village
"Avenida Ernesto Sarti 14 Complejo oro verde, Local 1, 2, 38660","Indian, Asian, Balti",https://www.tripadvisor.ie/Restaurant_Review-g662606-d12619450-Reviews-Delhi_Darbar-Costa_Adeje_Adeje_Tenerife_Canary_Islands.html,Adeje,5.0,Delhi Darbar
"Sunset Bay, Las Amenos, Costa Adeje Sunset Bay, 38670","Irish, Bar, British",https://www.tripadvisor.ie/Restaurant_Review-g662606-d4312137-Reviews-Micky_O_Malley_s-Costa_Adeje_Adeje_Tenerife_Canary_Islands.html,Adeje,5.0,Micky O'Malley's
"Avenida de Espana 25 Inside Shopping Mall Terranova,1st floor, 38660","Italian, Cafe, Mediterranean",https://www.tripadvisor.ie/Restaurant_Review-g662606-d14793627-Reviews-Smile_Italian_Restaurant_Cafe-Costa_Adeje_Adeje_Tenerife_Canary_Islands.html,Adeje,5.0,Smile Italian Restaurant&Cafe
"Calle La Enramada 17 C. C. San Sebastián 19,20, 38679 La Caleta","Indian, Asian, Balti",https://www.tripadvisor.ie/Restaurant_Review-g796999-d16708175-Reviews-Spice_Garden_La_Caleta-La_Caleta_Costa_Adeje_Adeje_Tenerife_Canary_Islands.html,Adeje,5.0,Spice Garden La Caleta
"Calle Fernando Lopez Arvelo, 1 GF Victoria Hotel at 4th Level, 38660","International, European, Spanish",https://www.tripadvisor.ie/Restaurant_Review-g662606-d14091847-Reviews-Restaurante_Donaire-Costa_Adeje_Adeje_Tenerife_Canary_Islands.html,Adeje,5.0,Restaurante Donaire
"Avenida de Espana 25 CC Terranova, Local 103, 38660","Asian, Thai, Healthy",https://www.tripadvisor.ie/Restaurant_Review-g662606-d12580293-Reviews-Niu_Cafe-Costa_Adeje_Adeje_Tenerife_Canary_Islands.html,Adeje,5.0,Niu Cafe
"Avenida de Bruselas 20 C.C Fanabe Plaza, 1st floor, inside","Vegetarian Friendly, Vegan Options, Gluten Free Options",https://www.tripadvisor.ie/Restaurant_Review-g1903560-d8616685-Reviews-Buenavida_Vegan-Fanabe_Tenerife_Canary_Islands.html,38660 Fanabe,5.0,Buenavida Vegan
"Calle de Londres 4 C.C Playa Fanabe, 38660 Playa de Fanabe","Asian, Thai, Vietnamese",https://www.tripadvisor.ie/Restaurant_Review-g1166580-d15848759-Reviews-Banh_Noi-Playa_de_Fanabe_Costa_Adeje_Adeje_Tenerife_Canary_Islands.html,Adeje,5.0,Banh Noi
"Avenida Virgen de Guadalupe 21, 38679 La Caleta","Seafood, Mediterranean, European",https://www.tripadvisor.ie/Restaurant_Review-g796999-d15662340-Reviews-Starfish-La_Caleta_Costa_Adeje_Adeje_Tenerife_Canary_Islands.html,Adeje,5.0,Starfish
"Calle Venezuela 2 Local 4, 38670","International, Mediterranean, European",https://www.tripadvisor.ie/Restaurant_Review-g662606-d11978335-Reviews-Cafe_Bar_Lormar-Costa_Adeje_Adeje_Tenerife_Canary_Islands.html,Adeje,5.0,Cafe Bar Lormar
"Calle Valencia, 38660","Italian, Mediterranean, European",https://www.tripadvisor.ie/Restaurant_Review-g662606-d4607248-Reviews-Antico_Caffe-Costa_Adeje_Adeje_Tenerife_Canary_Islands.html,Adeje,4.5,Antico Caffe
"Calle El Beril, 38679","Bar, Cafe, British",https://www.tripadvisor.ie/Restaurant_Review-g662606-d12905245-Reviews-Wotherspoons_Cafe_Bar-Costa_Adeje_Adeje_Tenerife_Canary_Islands.html,Adeje,5.0,Wotherspoons Cafe Bar
"2nd floor, Commercial Centre, Pueblo Canario local 201 front Playa del Bobo, next Casino H10, 38660","Dessert, Italian, Bar",https://www.tripadvisor.ie/Restaurant_Review-g662606-d7694815-Reviews-Halfway_Cafe-Costa_Adeje_Adeje_Tenerife_Canary_Islands.html,Adeje,5.0,Halfway Cafe
"Avenida Las Gaviotas, 38670 La Caleta","Seafood, International, Mediterranean",https://www.tripadvisor.ie/Restaurant_Review-g796999-d12915714-Reviews-Lagarto_Brasserie-La_Caleta_Costa_Adeje_Adeje_Tenerife_Canary_Islands.html,Adeje,4.5,Lagarto Brasserie
"Calle paris , C.C. Litoral Local num 4 Paseo Maritimo Playa Fanabe Paseo maritimo Playa Fanabè, 38670 Playa de Fanabe","Italian, International, Mediterranean",https://www.tripadvisor.ie/Restaurant_Review-g1166580-d10179749-Reviews-El_Makami-Playa_de_Fanabe_Costa_Adeje_Adeje_Tenerife_Canary_Islands.html,Adeje,4.5,El Makami
"Avenida de los Pueblos 16, 38660","Seafood, Mediterranean, Spanish",https://www.tripadvisor.ie/Restaurant_Review-g662606-d14117342-Reviews-El_Tejado-Costa_Adeje_Adeje_Tenerife_Canary_Islands.html,Adeje,5.0,El Tejado
"Av Colon, cc. Club Atlantis, 38660","International, Mediterranean, European",https://www.tripadvisor.ie/Restaurant_Review-g662606-d1952345-Reviews-Carlos-Costa_Adeje_Adeje_Tenerife_Canary_Islands.html,Adeje,4.5,Carlos
"Avenida Rafael Puig Lluvina 11, 38670","Italian, Seafood, International",https://www.tripadvisor.ie/Restaurant_Review-g662606-d14109255-Reviews-Bocaditos_Mar-Costa_Adeje_Adeje_Tenerife_Canary_Islands.html,Adeje,4.5,Bocaditos & Mar
"Avenida Las Gaviotas Edificio El Nido, 38679 La Caleta","Chinese, Japanese, Sushi",https://www.tripadvisor.ie/Restaurant_Review-g796999-d1860501-Reviews-Restaurant_88-La_Caleta_Costa_Adeje_Adeje_Tenerife_Canary_Islands.html,Adeje,4.5,Restaurant 88
"Avenida Eugenio Dominguez Alfonso Comercial Center Pueblo Canario, 2nd floor, Local 204, 38660","Indian, Vegetarian Friendly, Vegan Options",https://www.tripadvisor.ie/Restaurant_Review-g662606-d8552483-Reviews-Bobby_s_III_Indian_Tandoori_Restaurant-Costa_Adeje_Adeje_Tenerife_Canary_Islands.html,Adeje,4.5,Bobby's III Indian Tandoori Restaurant
"Avenida de Espana 7 CC Terranova loc 511 Puerto Colon ACCSESS BY SAO PAOLO TERRACE, 38660","Mediterranean, European, Spanish",https://www.tripadvisor.ie/Restaurant_Review-g662606-d13113049-Reviews-El_Horno_De_Neptuno-Costa_Adeje_Adeje_Tenerife_Canary_Islands.html,Adeje,5.0,El Horno De Neptuno
Calle Valencia,"Bar, Pub",https://www.tripadvisor.ie/Restaurant_Review-g662606-d7215855-Reviews-Bar_Keep_Smiling-Costa_Adeje_Adeje_Tenerife_Canary_Islands.html,Adeje,5.0,Bar Keep Smiling
"Sunset Harbour Club Pueblo Torviscas, 38660","Bar, European, British",https://www.tripadvisor.ie/Restaurant_Review-g662606-d7255922-Reviews-The_Clubhouse_44_Regent_Street-Costa_Adeje_Adeje_Tenerife_Canary_Islands.html,Adeje,4.5,The Clubhouse@44. Regent Street
"Calle el muelle, edificio famar Local Bajo 2, 38679 La Caleta","Steakhouse, Mediterranean, European",https://www.tripadvisor.ie/Restaurant_Review-g796999-d8429954-Reviews-CHAR_Modern_cocina_grill-La_Caleta_Costa_Adeje_Adeje_Tenerife_Canary_Islands.html,Adeje,4.5,CHAR Modern cocina & grill
"Avenida Eugenio Dominguez local 5 Urbanizacion las flores- Las Americas, 38660","Italian, Cafe, Mediterranean",https://www.tripadvisor.ie/Restaurant_Review-g662606-d11964712-Reviews-The_Smart_Bakery-Costa_Adeje_Adeje_Tenerife_Canary_Islands.html,Adeje,4.5,The Smart Bakery
"CC Los Atamanes, Sunset Bay Calle Antonio Navarro, Torviscas Bajo, 38670","International, Mediterranean, European",https://www.tripadvisor.ie/Restaurant_Review-g662606-d1992161-Reviews-Restaurante_Sebastian-Costa_Adeje_Adeje_Tenerife_Canary_Islands.html,Adeje,4.5,Restaurante Sebastian
"Avenida Las Gaviotas, 38670 La Caleta","Seafood, International, Mediterranean",https://www.tripadvisor.ie/Restaurant_Review-g796999-d12915714-Reviews-Lagarto_Brasserie-La_Caleta_Costa_Adeje_Adeje_Tenerife_Canary_Islands.html,Adeje,4.5,Lagarto Brasserie
"In Front of the Beach, 38660 Playa de Fanabe","Mexican, Barbecue, Grill",https://www.tripadvisor.ie/Restaurant_Review-g1166580-d15224804-Reviews-Lucky_7_s_Fanabe-Playa_de_Fanabe_Costa_Adeje_Adeje_Tenerife_Canary_Islands.html,Adeje,4.5,Lucky 7's Fañabe
"Calle Paris c.c.litoral local nº6 Playa Fañabé, Costa Adeje. Centro Comercial Litoral Playa Fañabe Local Nº6, 38660 Playa de Fanabe","Bar, Seafood, International",https://www.tripadvisor.ie/Restaurant_Review-g1166580-d7994110-Reviews-Cheers_Salud_Na_Zdorovie-Playa_de_Fanabe_Costa_Adeje_Adeje_Tenerife_Canary_Islan.html,Adeje,5.0,Cheers Salud Na Zdorovie
"Calle Antonio Navarro Urbanizacion Torviscas, 8F, 38660","European, British, Vegetarian Friendly",https://www.tripadvisor.ie/Restaurant_Review-g662606-d2064039-Reviews-Sinatra_s-Costa_Adeje_Adeje_Tenerife_Canary_Islands.html,Adeje,4.5,Sinatra's
"Av. Virgen de Guadalupe 2 Centro Comercial Mar Bella, Planta Alta, 38679","Seafood, Mediterranean, Spanish",https://www.tripadvisor.ie/Restaurant_Review-g662606-d16818384-Reviews-Fish_Lobster_Tenerife-Costa_Adeje_Adeje_Tenerife_Canary_Islands.html,Adeje,4.5,Fish & Lobster Tenerife
Garden City San Eugenio,"Bar, British, Pub",https://www.tripadvisor.ie/Restaurant_Review-g662606-d4263048-Reviews-The_Winning_Post-Costa_Adeje_Adeje_Tenerife_Canary_Islands.html,Adeje,4.5,The Winning Post
"Avenida de Espana 8 CC Calaberas, 38660","Indian, Vegetarian Friendly, Vegan Options",https://www.tripadvisor.ie/Restaurant_Review-g662606-d18941112-Reviews-Curry_and_Spices_Tenerife-Costa_Adeje_Adeje_Tenerife_Canary_Islands.html,Adeje,4.5,Curry and Spices Tenerife
"Calle Artes No 24, 38679 La Caleta","Italian, Mediterranean, European",https://www.tripadvisor.ie/Restaurant_Review-g796999-d8773182-Reviews-Le_Petit_Bistrot-La_Caleta_Costa_Adeje_Adeje_Tenerife_Canary_Islands.html,Adeje,4.5,Le Petit Bistrot
"Calle Valencia N.3 Urb Pueblo Torviscas, 38660","Bar, International, Mediterranean",https://www.tripadvisor.ie/Restaurant_Review-g662606-d7744038-Reviews-Pueblo_torviscas_pool_bar-Costa_Adeje_Adeje_Tenerife_Canary_Islands.html,Adeje,4.5,pueblo torviscas pool bar
"Calle Grande Nº 7, 38670","Mediterranean, European, Spanish",https://www.tripadvisor.ie/Restaurant_Review-g662606-d2650179-Reviews-La_Rambla-Costa_Adeje_Adeje_Tenerife_Canary_Islands.html,Adeje,4.5,La Rambla
"Calle Paris C.C. Litoral Local 5, 38660 Playa de Fanabe","Italian, Seafood, Spanish",https://www.tripadvisor.ie/Restaurant_Review-g1166580-d8554727-Reviews-TeD_Playa_Fanabe-Playa_de_Fanabe_Costa_Adeje_Adeje_Tenerife_Canary_Islands.html,Adeje,4.5,TeD - Playa Fañabé
"Calle Paris C.c Litoral l42 playa fañabe, 38660","Seafood, International, Vegetarian Friendly",https://www.tripadvisor.ie/Restaurant_Review-g662606-d10254279-Reviews-Restaurant_Michelle-Costa_Adeje_Adeje_Tenerife_Canary_Islands.html,Adeje,4.5,Restaurant Michelle
"Avenida Virgen de Guadalupe 21 Hotel Royal Hideaway Corales Beach, 38679 La Caleta","Japanese, Peruvian, Sushi",https://www.tripadvisor.ie/Restaurant_Review-g796999-d13818292-Reviews-San_Ho_Restaurant-La_Caleta_Costa_Adeje_Adeje_Tenerife_Canary_Islands.html,Adeje,4.5,San Hô Restaurant
"Calle Valencia, 4, 38670","Indian, Asian, Balti",https://www.tripadvisor.ie/Restaurant_Review-g662606-d2171757-Reviews-Bombay_Babu_Torviscas-Costa_Adeje_Adeje_Tenerife_Canary_Islands.html,Adeje,4.5,Bombay Babu Torviscas
"C/Valencia 4 Costa Mall, Local 5.3 , Playa de Torviscas, 38670","Seafood, Mediterranean, European",https://www.tripadvisor.ie/Restaurant_Review-g662606-d15659014-Reviews-Aromas_Del_Mar-Costa_Adeje_Adeje_Tenerife_Canary_Islands.html,Adeje,4.5,Aromas Del Mar
"Calle Paris 3 Centro Comercial Litoral de Fanabe L3, 38660 Playa de Fanabe","Spanish, Gastropub, Czech",https://www.tripadvisor.ie/Restaurant_Review-g1166580-d3871776-Reviews-Orange_Cafe-Playa_de_Fanabe_Costa_Adeje_Adeje_Tenerife_Canary_Islands.html,Adeje,4.5,Orange Cafe
"Calle Londres 4, 38660","Chinese, Japanese, Thai",https://www.tripadvisor.ie/Restaurant_Review-g662606-d13837251-Reviews-Amani-Costa_Adeje_Adeje_Tenerife_Canary_Islands.html,Adeje,4.5,Amani
"Avenue Austria, 15, 38660","Bar, Pub, Diner",https://www.tripadvisor.ie/Restaurant_Review-g662606-d8640866-Reviews-Hemingway_s_Cafe-Costa_Adeje_Adeje_Tenerife_Canary_Islands.html,Adeje,5.0,Hemingway's Cafe
"Calle Antonio Navarro Sunsetbay Los Atamanes, 38660","Italian, International, British",https://www.tripadvisor.ie/Restaurant_Review-g662606-d2081201-Reviews-Casa_Tres-Costa_Adeje_Adeje_Tenerife_Canary_Islands.html,Adeje,4.5,Casa Tres
"Calle Guatemala Nº 2, 38660 Playa de las Americas","Indian, Asian, Balti",https://www.tripadvisor.ie/Restaurant_Review-g562820-d17556190-Reviews-Mr_Singh-Playa_de_las_Americas_Arona_Tenerife_Canary_Islands.html,Arona,5.0,Mr Singh
"CC Fanabe, Calle Londres Playa Fanabe, 38660","Italian, Mediterranean, European",https://www.tripadvisor.ie/Restaurant_Review-g662606-d3532973-Reviews-Cordon_Rojo-Costa_Adeje_Adeje_Tenerife_Canary_Islands.html,Adeje,4.5,Cordon Rojo
"Paseo Maritimo, 1 Local 16-17-18, 38660","Italian, Seafood, Mediterranean",https://www.tripadvisor.ie/Restaurant_Review-g662606-d13145326-Reviews-Restaurant_Limoncello-Costa_Adeje_Adeje_Tenerife_Canary_Islands.html,Adeje,4.5,Restaurant Limoncello
"Calle Edificios, Lagod de Fanabe Local 56, CC Playa Fanabe, 38660","Cafe, British, Vegetarian Friendly",https://www.tripadvisor.ie/Restaurant_Review-g662606-d1811323-Reviews-Harriet_s_Tea_Room_and_Restaurant-Costa_Adeje_Adeje_Tenerife_Canary_Islands.html,Adeje,4.5,Harriet's Tea Room and Restaurant
"Loc.45-47 C.C. Playa Fanabe Loc. 45-47 C.C. Playa Fanabe, 38660","Italian, Seafood, Mediterranean",https://www.tripadvisor.ie/Restaurant_Review-g662606-d5777546-Reviews-Restaurante_pizzeria_colala-Costa_Adeje_Adeje_Tenerife_Canary_Islands.html,Adeje,4.5,restaurante pizzeria colala
Calle El Beril 28 La Caleta Adeje Playa del Duque,"Italian, Seafood, Mediterranean",https://www.tripadvisor.ie/Restaurant_Review-g187482-d17701575-Reviews-Ristorante_Pizzeria_Desiderio-Santa_Cruz_de_Tenerife_Tenerife_Canary_Islands.html,38679 Santa Cruz de Tenerife,4.5,Ristorante Pizzeria Desiderio
"Sunset Bay, 38670","Bar, British, Pub",https://www.tripadvisor.ie/Restaurant_Review-g662606-d2253942-Reviews-Sun_Inn-Costa_Adeje_Adeje_Tenerife_Canary_Islands.html,Adeje,4.5,Sun Inn
"Avenida de Bruselas 16 In the Costa Adeje Gran Hotel, 38660","Mediterranean, European, Spanish",https://www.tripadvisor.ie/Restaurant_Review-g662606-d2011478-Reviews-Restaurante_La_Laja-Costa_Adeje_Adeje_Tenerife_Canary_Islands.html,Adeje,4.5,Restaurante La Laja
"Ave. Austria San Eugenio Alto, 38670","Cafe, European, British",https://www.tripadvisor.ie/Restaurant_Review-g315919-d3336688-Reviews-Hemingway-Adeje_Tenerife_Canary_Islands.html,Adeje,4.5,Hemingway
"Calle Bruselas Urb. Mare Verde, Fanabe, Opposite Hotel Bahia Princess, 38670","Italian, Mediterranean, European",https://www.tripadvisor.ie/Restaurant_Review-g662606-d1224894-Reviews-Monte_Christo-Costa_Adeje_Adeje_Tenerife_Canary_Islands.html,Adeje,4.5,Monte Christo
CC Litoral Loc No 26,"Mediterranean, European, Vegetarian Friendly",https://www.tripadvisor.ie/Restaurant_Review-g1903560-d2456900-Reviews-Loch_Ness_Restaurante-Fanabe_Tenerife_Canary_Islands.html,Fanabe,4.5,Loch Ness Restaurante
"Av. De Colon Club Nautico Puerto Colon, 38660","Japanese, Seafood, Sushi",https://www.tripadvisor.ie/Restaurant_Review-g662606-d3139315-Reviews-Miishi_Restaurante-Costa_Adeje_Adeje_Tenerife_Canary_Islands.html,Adeje,4.5,Miishi Restaurante
"Avenida Las Gaviotas, 38670 La Caleta","Seafood, International, Mediterranean",https://www.tripadvisor.ie/Restaurant_Review-g796999-d12915714-Reviews-Lagarto_Brasserie-La_Caleta_Costa_Adeje_Adeje_Tenerife_Canary_Islands.html,Adeje,4.5,Lagarto Brasserie
"Avenida Rafael Puig Lluvinia 41 cc Playa Shop, Playa de las Americas","European, Vegetarian Friendly, Vegan Options",https://www.tripadvisor.ie/Restaurant_Review-g562820-d12258813-Reviews-Suka_Fruit_Cocktail-Playa_de_las_Americas_Arona_Tenerife_Canary_Islands.html,Arona,5.0,Suka Fruit Cocktail
"C.C. Sun Beach Playa de Fañabé, 38670","French, Vegetarian Friendly, Vegan Options",https://www.tripadvisor.ie/Restaurant_Review-g662606-d1568803-Reviews-Coeur_de_Filet-Costa_Adeje_Adeje_Tenerife_Canary_Islands.html,Adeje,4.5,Coeur de Filet
"Rafael Puig, CC Galaxia, local 7, 38660","Bar, Cafe, Mediterranean",https://www.tripadvisor.ie/Restaurant_Review-g662606-d4084544-Reviews-Pipo_Cafe-Costa_Adeje_Adeje_Tenerife_Canary_Islands.html,Adeje,4.5,Pipo Cafe
"Avenida Virgen de Guadalupe 21 Royal Hideaway Corales Beach - Adults only, 38679 La Caleta","Spanish, Contemporary",https://www.tripadvisor.ie/Restaurant_Review-g796999-d13939862-Reviews-Maresia_The_Restaurant_by_Hermanos_Padron-La_Caleta_Costa_Adeje_Adeje_Tenerife_C.html,Adeje,4.5,Maresía The Restaurant by Hermanos Padrón
"Avenida Rafael Puig Lluvina, Plaza Salityen numero 43 Centro commercial Bora Bora. 300 mt da hotel H10, piazza donde esta el parking subteraneo, 38660 Playa de las Americas","Seafood, Mediterranean, European",https://www.tripadvisor.ie/Restaurant_Review-g562820-d13996569-Reviews-El_Jardin_de_la_Abuela-Playa_de_las_Americas_Arona_Tenerife_Canary_Islands.html,Arona,5.0,El Jardin de la Abuela
Calle Unterhaching Centro Comercial The Corner,"Spanish, Vegetarian Friendly, Vegan Options",https://www.tripadvisor.ie/Restaurant_Review-g662606-d10028278-Reviews-White_Tapas-Costa_Adeje_Adeje_Tenerife_Canary_Islands.html,Adeje,4.5,White Tapas
"Calle la Enramada, Centro Comercial San Sebastian, Local 18, 38679","Spanish, Vegetarian Friendly, Vegan Options",https://www.tripadvisor.ie/Restaurant_Review-g662606-d7355669-Reviews-Secret_s_Tasca-Costa_Adeje_Adeje_Tenerife_Canary_Islands.html,Adeje,4.5,Secret's Tasca
"Calle Gran Bretana Krystal Center Local B3-6, 38670","Seafood, International, Mediterranean",https://www.tripadvisor.ie/Restaurant_Review-g662606-d8052610-Reviews-Toro_Tapas_grill-Costa_Adeje_Adeje_Tenerife_Canary_Islands.html,Adeje,4.5,Toro Tapas & grill
"Avenida Austria, 9","Italian, Pizza, Mediterranean",https://www.tripadvisor.ie/Restaurant_Review-g187479-d3580978-Reviews-Zena-Tenerife_Canary_Islands.html,38660,4.5,Zena
"Av Ernesto Sarti Torviscas Bajo, 38679","International, Mediterranean, European",https://www.tripadvisor.ie/Restaurant_Review-g662606-d5001834-Reviews-Miguel_Angel-Costa_Adeje_Adeje_Tenerife_Canary_Islands.html,Adeje,4.5,Miguel Angel
Beachfront,"Indian, Asian, Balti",https://www.tripadvisor.ie/Restaurant_Review-g662606-d5524846-Reviews-Ganges_Indian_Restaurant-Costa_Adeje_Adeje_Tenerife_Canary_Islands.html,Adeje,4.5,Ganges Indian Restaurant
"Avenida Gaviotas 4, 38679 La Caleta","Italian, Seafood, Mediterranean",https://www.tripadvisor.ie/Restaurant_Review-g796999-d1416206-Reviews-Rosso_Sul_Mare_Restaurant_Wine_Bar-La_Caleta_Costa_Adeje_Adeje_Tenerife_Canary_Is.html,Adeje,4.5,Rosso Sul Mare Restaurant & Wine Bar
"Avenida Adeje 300 C.C. El Marqués, Local 2, 38678","Seafood, Mediterranean, European",https://www.tripadvisor.ie/Restaurant_Review-g662606-d12818528-Reviews-Meson_Bistro-Costa_Adeje_Adeje_Tenerife_Canary_Islands.html,Adeje,4.5,Meson Bistro
"Calle París s/n Hotel Jardines de Nivaria, 38660 Playa de Fanabe","International, Mediterranean, European",https://www.tripadvisor.ie/Restaurant_Review-g1166580-d3161801-Reviews-Restaurante_La_Cupula-Playa_de_Fanabe_Costa_Adeje_Adeje_Tenerife_Canary_Islands.html,Adeje,4.5,Restaurante La Cúpula
"Avenida de Los Pueblos Enfrente Del C.C. San Eugenio, 38660","Italian, Seafood, International",https://www.tripadvisor.ie/Restaurant_Review-g662606-d9555406-Reviews-Embassy-Costa_Adeje_Adeje_Tenerife_Canary_Islands.html,Adeje,4.5,Embassy
"Avenida de Rafael Puig Lluvina s/n Local B1 - Shopping Center Salytien, Playa de las americas, 38650","International, Spanish, Vegetarian Friendly",https://www.tripadvisor.ie/Restaurant_Review-g315919-d8673206-Reviews-La_Casita_De_Taby-Adeje_Tenerife_Canary_Islands.html,Adeje,4.5,La Casita De Taby
Playa de Fanabe Torviscas,"Bar, European, British",https://www.tripadvisor.ie/Restaurant_Review-g662606-d2715870-Reviews-Winchester_Bar-Costa_Adeje_Adeje_Tenerife_Canary_Islands.html,Adeje,4.5,Winchester Bar
"Av. Espana, 7 Shopping La Nina","Italian, Pizza, Mediterranean",https://www.tripadvisor.ie/Restaurant_Review-g187479-d13528242-Reviews-Italian_Food_Factory-Tenerife_Canary_Islands.html,38660,5.0,Italian Food Factory
"Calle de Londres 7 Lago Fanabe Mall, Local 8, 38660","International, Mediterranean, European",https://www.tripadvisor.ie/Restaurant_Review-g662606-d15634766-Reviews-Leonardo_s_Restaurant_Lounge_Bar-Costa_Adeje_Adeje_Tenerife_Canary_Islands.html,Adeje,4.5,Leonardo’s Restaurant & Lounge Bar
"Calle Valencia No 3 C.C. Torviscas Playa Local 9, 38670","Steakhouse, International, Mediterranean",https://www.tripadvisor.ie/Restaurant_Review-g662606-d10290652-Reviews-Bravo-Costa_Adeje_Adeje_Tenerife_Canary_Islands.html,Adeje,4.5,Bravo
"Ernesto Sarti, 5 Iberostar Selection Sábila, 38679","Seafood, Mediterranean, Sushi",https://www.tripadvisor.ie/Restaurant_Review-g662606-d15114128-Reviews-Gourmet_Market_Sabila-Costa_Adeje_Adeje_Tenerife_Canary_Islands.html,Adeje,5.0,Gourmet Market Sábila
"Calle Gran Bretana Kristal Shopping Center, 38660","Italian, Bar, Mediterranean",https://www.tripadvisor.ie/Restaurant_Review-g662606-d8553262-Reviews-White_Sand-Costa_Adeje_Adeje_Tenerife_Canary_Islands.html,Adeje,4.5,White Sand
"La Pinta Beach Playa La Pinta, 38650","International, Mediterranean, European",https://www.tripadvisor.ie/Restaurant_Review-g662606-d18856716-Reviews-Bambu_Bar_Bistro-Costa_Adeje_Adeje_Tenerife_Canary_Islands.html,Adeje,5.0,Bambu Bar & Bistro
"Calle Edificios Lagos de Fanabe Local 33, 38670 Playa de Fanabe","Italian, Seafood, Mediterranean",https://www.tripadvisor.ie/Restaurant_Review-g1166580-d4507177-Reviews-Restaurante_Milano-Playa_de_Fanabe_Costa_Adeje_Adeje_Tenerife_Canary_Islands.html,Adeje,4.5,Restaurante Milano
"Avenida Los Pueblos 29 C.C Villaflor, 38660","International, Mediterranean, European",https://www.tripadvisor.ie/Restaurant_Review-g662606-d7954298-Reviews-Gran_Maison-Costa_Adeje_Adeje_Tenerife_Canary_Islands.html,Adeje,4.5,Gran Maison
"Avenida Ernesto Sarti 14 Apartahotel Oro Verde, 38660","Chinese, Asian, Cantonese",https://www.tripadvisor.ie/Restaurant_Review-g662606-d1178999-Reviews-Hong_Kong_Dragon_Garden-Costa_Adeje_Adeje_Tenerife_Canary_Islands.html,Adeje,4.5,Hong Kong Dragon Garden
"Avenida Ernesto Sarti 1 Esquina Calle Valencia /, 38660","Italian, Bar, Mediterranean",https://www.tripadvisor.ie/Restaurant_Review-g662606-d12848987-Reviews-Cocoriba-Costa_Adeje_Adeje_Tenerife_Canary_Islands.html,Adeje,4.5,Cocoriba
"Avenida de Bruselas S/N CC El Mirador, 38660","Seafood, International, Mediterranean",https://www.tripadvisor.ie/Restaurant_Review-g662606-d1535589-Reviews-La_Torre_Del_Mirador-Costa_Adeje_Adeje_Tenerife_Canary_Islands.html,Adeje,4.5,La Torre Del Mirador
"Paseo Maritimo Costa Adeje Edificio Hotel Iberostar Anthelia, 38660","Seafood, Mediterranean, European",https://www.tripadvisor.ie/Restaurant_Review-g662606-d7987378-Reviews-Seasoul_Restaurant_Lounge-Costa_Adeje_Adeje_Tenerife_Canary_Islands.html,Adeje,4.5,Seasoul Restaurant & Lounge
"Avenida de Bruselas 14 22, The Dukesshops, 38660","Chinese, Indian, Asian",https://www.tripadvisor.ie/Restaurant_Review-g662606-d8362954-Reviews-Oriental_Slow_Boat-Costa_Adeje_Adeje_Tenerife_Canary_Islands.html,Adeje,4.5,Oriental Slow Boat
"Avenida Las Gaviotas, 38670 La Caleta","Seafood, International, Mediterranean",https://www.tripadvisor.ie/Restaurant_Review-g796999-d12915714-Reviews-Lagarto_Brasserie-La_Caleta_Costa_Adeje_Adeje_Tenerife_Canary_Islands.html,Adeje,4.5,Lagarto Brasserie
"C/.Dublin 1 Costa Adeje, 38660 Playa de Fanabe","Steakhouse, Brazilian, Barbecue",https://www.tripadvisor.ie/Restaurant_Review-g1166580-d1995734-Reviews-Churrasqueria_Rodeo-Playa_de_Fanabe_Costa_Adeje_Adeje_Tenerife_Canary_Islands.html,Adeje,4.5,Churrasqueria Rodeo
"Av. Rafael Puig 20 C.C. Americas Shopping, 38660 Playa de las Americas","Indian, International, Asian",https://www.tripadvisor.ie/Restaurant_Review-g562820-d8861545-Reviews-Bbq_Spice_indian_tandoori-Playa_de_las_Americas_Arona_Tenerife_Canary_Islands.html,Arona,5.0,Bbq Spice indian tandoori
"Calle la Enramada, 38679","Mediterranean, European, Spanish",https://www.tripadvisor.ie/Restaurant_Review-g662606-d3448184-Reviews-Jade_Stone-Costa_Adeje_Adeje_Tenerife_Canary_Islands.html,Adeje,4.5,Jade Stone
"Calle de Londres S/N Costa Adeje, 38660","Bar, British, Pub",https://www.tripadvisor.ie/Restaurant_Review-g662606-d13277735-Reviews-The_Winchester-Costa_Adeje_Adeje_Tenerife_Canary_Islands.html,Adeje,4.5,The Winchester
"Calle Arquitecto Gomez Cuesta 9 Residencial Paradero 2, 38660","Italian, Vegetarian Friendly, Vegan Options",https://www.tripadvisor.ie/Restaurant_Review-g662606-d3165251-Reviews-La_Bruschetta-Costa_Adeje_Adeje_Tenerife_Canary_Islands.html,Adeje,4.5,La Bruschetta
"Numero 16, C.C. Paraiso sur 12 Avenida Adeje 300, 38678 Playa Paraiso","Indian, Vegetarian Friendly, Vegan Options",https://www.tripadvisor.ie/Restaurant_Review-g2180527-d15263511-Reviews-Mumbai_Masala_Playa_Paraiso-Playa_Paraiso_Adeje_Tenerife_Canary_Islands.html,Adeje,5.0,Mumbai Masala Playa Paraíso
"Calle Valencia, 38660","Bar, British, Pub",https://www.tripadvisor.ie/Restaurant_Review-g662606-d19393353-Reviews-Wild_Thyme-Costa_Adeje_Adeje_Tenerife_Canary_Islands.html,Adeje,5.0,Wild Thyme
address,cuisine,link,locality,rating,title
"Avenida Las Gaviotas, 38670 La Caleta","Seafood, International, Mediterranean",https://www.tripadvisor.ie/Restaurant_Review-g796999-d12915714-Reviews-Lagarto_Brasserie-La_Caleta_Costa_Adeje_Adeje_Tenerife_Canary_Islands.html,Adeje,4.5,Lagarto Brasserie
"Numero 16, C.C. Paraiso sur 12 Avenida Adeje 300, 38678 Playa Paraiso","Indian, Vegetarian Friendly, Vegan Options",https://www.tripadvisor.ie/Restaurant_Review-g2180527-d15263511-Reviews-Mumbai_Masala_Playa_Paraiso-Playa_Paraiso_Adeje_Tenerife_Canary_Islands.html,Adeje,5.0,Mumbai Masala Playa Paraíso
"Calle Valencia, 38660","Bar, British, Pub",https://www.tripadvisor.ie/Restaurant_Review-g662606-d19393353-Reviews-Wild_Thyme-Costa_Adeje_Adeje_Tenerife_Canary_Islands.html,Adeje,5.0,Wild Thyme
"Av. De Colon, 38660","Chinese, Cantonese, Szechuan",https://www.tripadvisor.ie/Restaurant_Review-g662606-d4557364-Reviews-Slow_Boat_I-Costa_Adeje_Adeje_Tenerife_Canary_Islands.html,Adeje,4.5,Slow Boat I
"Calle La Enramada, 9 Sheraton La Caleta Resort & Spa, 38670","Japanese, Sushi, Asian",https://www.tripadvisor.ie/Restaurant_Review-g315919-d2010630-Reviews-Kamakura-Adeje_Tenerife_Canary_Islands.html,Adeje,4.5,Kamakura
"Calle Roques del Salmor 5, 38679","International, Vegetarian Friendly, Vegan Options",https://www.tripadvisor.ie/Restaurant_Review-g662606-d5958022-Reviews-Sucas-Costa_Adeje_Adeje_Tenerife_Canary_Islands.html,Adeje,4.5,Sucas
"Paseo Maritimo No 21, 38679 La Caleta","Seafood, International, Mediterranean",https://www.tripadvisor.ie/Restaurant_Review-g796999-d7655630-Reviews-Salitre_Restaurante-La_Caleta_Costa_Adeje_Adeje_Tenerife_Canary_Islands.html,Adeje,4.5,Salitre Restaurante
"Call Londres Playa Fañabé Shopping Centre, 38660","Italian, Seafood, Mediterranean",https://www.tripadvisor.ie/Restaurant_Review-g662606-d2454735-Reviews-Restaurant_Veneto-Costa_Adeje_Adeje_Tenerife_Canary_Islands.html,Adeje,4.5,Restaurant Veneto
"Av Playa Paraiso, 38678 Playa Paraiso","Italian, Mediterranean, European",https://www.tripadvisor.ie/Restaurant_Review-g2180527-d12517001-Reviews-Tentation-Playa_Paraiso_Adeje_Tenerife_Canary_Islands.html,Adeje,4.5,Tentation
"Calle Gran Bretaña S/N Inside Hotel Jardin Tropical, 38660","Steakhouse, Mediterranean, Barbecue",https://www.tripadvisor.ie/Restaurant_Review-g662606-d8448613-Reviews-El_Churrasco_Adeje_Restaurante_Grill-Costa_Adeje_Adeje_Tenerife_Canary_Islands.html,Adeje,4.5,El Churrasco Adeje Restaurante Grill
"Los Geranios Complex, San Eugenio Local 6, Adeje, 38670 Playa de las Americas","Bar, Cafe, British",https://www.tripadvisor.ie/Restaurant_Review-g562820-d4002243-Reviews-Scotch_Corner_Bar-Playa_de_las_Americas_Arona_Tenerife_Canary_Islands.html,Arona,4.5,Scotch Corner Bar
"Avenida de Los Pueblos, 38660","Steakhouse, International, Spanish",https://www.tripadvisor.ie/Restaurant_Review-g662606-d6216325-Reviews-Mario_s-Costa_Adeje_Adeje_Tenerife_Canary_Islands.html,Adeje,4.5,Mario's
"Avenida De Los Pueblos Ciudad Jardin, LOC-6, 38660","Mediterranean, European, Spanish",https://www.tripadvisor.ie/Restaurant_Review-g315919-d985765-Reviews-Marfil-Adeje_Tenerife_Canary_Islands.html,Adeje,4.5,Marfil
"Calla Las Artes 22 Local N2, 38670 La Caleta","Bar, Cafe, International",https://www.tripadvisor.ie/Restaurant_Review-g796999-d7178238-Reviews-Koffie_Lounge-La_Caleta_Costa_Adeje_Adeje_Tenerife_Canary_Islands.html,Adeje,4.5,Koffie Lounge
"Avenida de Bruselas S/N 62, 38660","Bar, European, British",https://www.tripadvisor.ie/Restaurant_Review-g662606-d999758-Reviews-Colonial-Costa_Adeje_Adeje_Tenerife_Canary_Islands.html,Adeje,4.0,Colonial
"Calle Idafe Hotel Bahía Príncipe, 38670","Indian, Vegetarian Friendly, Vegan Options",https://www.tripadvisor.ie/Restaurant_Review-g662606-d15647918-Reviews-Delhi_Village-Costa_Adeje_Adeje_Tenerife_Canary_Islands.html,Adeje,4.5,Delhi Village
"Avda. Rafael Puig - C.C Cardones Local 3, 38660 Playa de las Americas","Indian, Asian, Balti",https://www.tripadvisor.ie/Restaurant_Review-g562820-d17851867-Reviews-Tandoori_Hut_Las_Americas-Playa_de_las_Americas_Arona_Tenerife_Canary_Islands.html,Arona,5.0,Tandoori Hut - Las Americas
"Calle Eugenio Dominguez Afonso, N-3, 38660","Italian, Bar, Pizza",https://www.tripadvisor.ie/Restaurant_Review-g662606-d999768-Reviews-Europa-Costa_Adeje_Adeje_Tenerife_Canary_Islands.html,Adeje,4.0,Europa
"Av. Rafael Puig Lluvina, 17, 38660 Playa de las Americas","International, Healthy, Street Food",https://www.tripadvisor.ie/Restaurant_Review-g562820-d14035132-Reviews-Dedos_Global_Kitchen-Playa_de_las_Americas_Arona_Tenerife_Canary_Islands.html,Arona,4.5,Dedos Global Kitchen
"Edificio Costa Caleta Calle Las Artes, La Caleta, Adeje, 38679 La Caleta","Bar, European, British",https://www.tripadvisor.ie/Restaurant_Review-g796999-d7072678-Reviews-James_s_Place-La_Caleta_Costa_Adeje_Adeje_Tenerife_Canary_Islands.html,Adeje,4.5,James's Place
"Calle de Galicia 4 Local 17, 38660","Japanese, Sushi, Asian",https://www.tripadvisor.ie/Restaurant_Review-g662606-d16808610-Reviews-DEBA_Sushi_Lounge-Costa_Adeje_Adeje_Tenerife_Canary_Islands.html,Adeje,5.0,DEBA Sushi Lounge
"Calle Londres 7 Urbanizacion Playa de Fanabe, 38660 Playa de Fanabe","Italian, Pizza, Mediterranean",https://www.tripadvisor.ie/Restaurant_Review-g1166580-d8025354-Reviews-Restaurant_La_Tosca-Playa_de_Fanabe_Costa_Adeje_Adeje_Tenerife_Canary_Islands.html,Adeje,4.0,Restaurant La Tosca
"Centro Comercial Puerto Colon, 38660","Seafood, Mediterranean, European",https://www.tripadvisor.ie/Restaurant_Review-g662606-d2154733-Reviews-Odissea_Restaurant-Costa_Adeje_Adeje_Tenerife_Canary_Islands.html,Adeje,4.0,Odissea Restaurant
"Calle la Enramada CC San Sebastian L9, 38679","Italian, Bar, Pizza",https://www.tripadvisor.ie/Restaurant_Review-g315919-d9733736-Reviews-Seven_7_Caffe-Adeje_Tenerife_Canary_Islands.html,Adeje,4.5,Seven 7 Caffe
"Avenida Adeje 300 Playa Paraiso Local 11, Centro Comercial Oasis Playa paraíso, 38678","Indian, Balti, Vegetarian Friendly",https://www.tripadvisor.ie/Restaurant_Review-g315919-d15050135-Reviews-Spice_Garden_Indian_Restaurant-Adeje_Tenerife_Canary_Islands.html,Adeje,5.0,Spice Garden Indian Restaurant
"AV.RAFAEL Puig Lluvina N.5 Edf. Las Tortugas Local 49-54, 38660 Playa de las Americas","Chinese, Asian, Thai",https://www.tripadvisor.ie/Restaurant_Review-g562820-d12864238-Reviews-Restaurante_Oriental_Merlion-Playa_de_las_Americas_Arona_Tenerife_Canary_Islands.html,Arona,4.5,Restaurante Oriental Merlion
"Calle el muelle, edificio famar Local Bajo 2, 38679 La Caleta","Steakhouse, Mediterranean, European",https://www.tripadvisor.ie/Restaurant_Review-g796999-d8429954-Reviews-CHAR_Modern_cocina_grill-La_Caleta_Costa_Adeje_Adeje_Tenerife_Canary_Islands.html,Adeje,4.5,CHAR Modern cocina & grill
38660,"Bar, Mediterranean, European",https://www.tripadvisor.ie/Restaurant_Review-g662606-d8394095-Reviews-El_Ferry-Costa_Adeje_Adeje_Tenerife_Canary_Islands.html,Adeje,4.5,El Ferry
"Av. Ernesto Sarti, 4 Torviscas bajo","Bar, Pizza, European",https://www.tripadvisor.ie/Restaurant_Review-g187479-d3455849-Reviews-New_Wigan_Pier-Tenerife_Canary_Islands.html,38660,4.5,New Wigan Pier
"C/ Avenida Rafael Puig Lluvina Adeje C/c Salytien Santa Cruz de Tenerife, 38660 Playa de las Americas","European, Spanish, Vegetarian Friendly",https://www.tripadvisor.ie/Restaurant_Review-g562820-d12712634-Reviews-Mundo_s-Playa_de_las_Americas_Arona_Tenerife_Canary_Islands.html,Arona,4.5,Mundo's
"Avenida Virgen de Guadalupe 21, 38679 La Caleta","Italian, Pizza, Mediterranean",https://www.tripadvisor.ie/Restaurant_Review-g796999-d15667059-Reviews-Il_Bocconcino_by_Royal_Hideaway-La_Caleta_Costa_Adeje_Adeje_Tenerife_Canary_Isla.html,Adeje,4.5,Il Bocconcino by Royal Hideaway
Av. de Espana C C Santa Maria,"Steakhouse, Bar, Pizza",https://www.tripadvisor.ie/Restaurant_Review-g662606-d2072839-Reviews-Victoria-Costa_Adeje_Adeje_Tenerife_Canary_Islands.html,Adeje,4.0,Victoria
"Avenida Las Gaviotas, 38670 La Caleta","Seafood, International, Mediterranean",https://www.tripadvisor.ie/Restaurant_Review-g796999-d12915714-Reviews-Lagarto_Brasserie-La_Caleta_Costa_Adeje_Adeje_Tenerife_Canary_Islands.html,Adeje,4.5,Lagarto Brasserie
"Avda Espana, 2-4, Los Geranios Las Americas, Costa Adeje","Irish, Bar, International",https://www.tripadvisor.ie/Restaurant_Review-g187479-d2369712-Reviews-Temple_Bar_Irish_Fiddler_Tenerife-Tenerife_Canary_Islands.html,38660,4.0,Temple Bar & Irish Fiddler Tenerife
"Calle de Londres 11 C/ Londres 11, 38660","International, Mediterranean, European",https://www.tripadvisor.ie/Restaurant_Review-g662606-d7256367-Reviews-Infinity_Lounge_Restaurant-Costa_Adeje_Adeje_Tenerife_Canary_Islands.html,Adeje,4.5,Infinity Lounge & Restaurant
"Calle Gran Bretana Urbanizacion San Eugenio,, 38670","Italian, Seafood, Mediterranean",https://www.tripadvisor.ie/Restaurant_Review-g662606-d7707031-Reviews-Martini_Krystal_Center-Costa_Adeje_Adeje_Tenerife_Canary_Islands.html,Adeje,4.5,Martini Krystal Center
"Av. de Ayyo, S/N Frente al Campo de Golf de Adeje - In front of Golf Costa Adeje Course, 38660 La Caleta","International, European, Contemporary",https://www.tripadvisor.ie/Restaurant_Review-g796999-d1151023-Reviews-Restaurante_Jardin-La_Caleta_Costa_Adeje_Adeje_Tenerife_Canary_Islands.html,Adeje,4.5,Restaurante Jardin
"Av. de Colon 5 Under the Pool Center, 38660","Bar, British, Pub",https://www.tripadvisor.ie/Restaurant_Review-g662606-d15235055-Reviews-The_White_Horse_Pub-Costa_Adeje_Adeje_Tenerife_Canary_Islands.html,Adeje,5.0,The White Horse Pub
"Avenida de Bruselas 17, 38679","Italian, Pizza, Mediterranean",https://www.tripadvisor.ie/Restaurant_Review-g662606-d10275259-Reviews-Il_Vecchio_pastificio_cucina-Costa_Adeje_Adeje_Tenerife_Canary_Islands.html,Adeje,4.0,Il Vecchio pastificio & cucina
"Carretera los Menores Taucho, 38677","International, Mediterranean, Spanish",https://www.tripadvisor.ie/Restaurant_Review-g315919-d15248134-Reviews-Meson_Asador_Casa_Rodrigo-Adeje_Tenerife_Canary_Islands.html,Adeje,5.0,Meson Asador Casa Rodrigo
"Calle Roques del Salmor 5, 38679","International, Contemporary, Fusion",https://www.tripadvisor.ie/Restaurant_Review-g662606-d8447357-Reviews-BB_Beach_Club_Sea_View_Bar-Costa_Adeje_Adeje_Tenerife_Canary_Islands.html,Adeje,4.5,BB Beach Club & Sea View Bar
"Avenida Espana 10, 38660","Chinese, Asian, Cantonese",https://www.tripadvisor.ie/Restaurant_Review-g662606-d999734-Reviews-Pekin_Palace_CB-Costa_Adeje_Adeje_Tenerife_Canary_Islands.html,Adeje,4.0,Pekin Palace CB.
"Calle Mexico 28 Local 1, 38650 Playa de las Americas","Indian, Asian, Balti",https://www.tripadvisor.ie/Restaurant_Review-g562820-d14979151-Reviews-Star_of_India_Tenerife-Playa_de_las_Americas_Arona_Tenerife_Canary_Islands.html,Arona,4.5,Star of India Tenerife
38660,"Mexican, Latin, Seafood",https://www.tripadvisor.ie/Restaurant_Review-g662606-d19492192-Reviews-Crab_Soul-Costa_Adeje_Adeje_Tenerife_Canary_Islands.html,Adeje,5.0,Crab Soul
"urbanizacion Americas 5, 38660 Playa de las Americas","Chinese, Japanese, Sushi",https://www.tripadvisor.ie/Restaurant_Review-g562820-d1867196-Reviews-Imperial_Tai_Pan-Playa_de_las_Americas_Arona_Tenerife_Canary_Islands.html,Arona,4.5,Imperial Tai-Pan
"Paseo Guadalajara 50, 38650 Playa de las Americas","Fusion, Healthy, Street Food",https://www.tripadvisor.ie/Restaurant_Review-g562820-d12557786-Reviews-The_Burger_Cafe_Healthy_Street_Food-Playa_de_las_Americas_Arona_Tenerife_Canary_.html,Arona,4.5,The Burger Cafe - Healthy Street Food
"Parque Catleya 5 Avenida Santiago Puig, 38650 Playa de las Americas","Lebanese, Mediterranean, Middle Eastern",https://www.tripadvisor.ie/Restaurant_Review-g562820-d999660-Reviews-Balkonen-Playa_de_las_Americas_Arona_Tenerife_Canary_Islands.html,Arona,4.5,Balkonen
"Avenida Antonio Dominguez El Camison 34, 38650","Italian, Mediterranean, European",https://www.tripadvisor.ie/Restaurant_Review-g230096-d10643194-Reviews-ARDI-Arona_Tenerife_Canary_Islands.html,Arona,5.0,'ARDI
"Paseo Maritimo Playa Fanabe Playa Fanabe, 38660 Playa de Fanabe","Seafood, International, Mediterranean",https://www.tripadvisor.ie/Restaurant_Review-g1166580-d16645452-Reviews-La_Farola_del_Mar-Playa_de_Fanabe_Costa_Adeje_Adeje_Tenerife_Canary_Islands.html,Adeje,4.0,La Farola del Mar
"Avenida el Jable 24 Local 23-24, 38678 Callao Salvaje","International, Mediterranean, European",https://www.tripadvisor.ie/Restaurant_Review-g664636-d13976924-Reviews-El_Taller-Callao_Salvaje_Adeje_Tenerife_Canary_Islands.html,Adeje,5.0,El Taller
"CC Torviscas 6.1, Playa de Las Americas Costa Adeje","Mediterranean, European, Spanish",https://www.tripadvisor.ie/Restaurant_Review-g187479-d1636615-Reviews-Da_Angelo-Tenerife_Canary_Islands.html,Tenerife,4.5,Da Angelo
"Calle Londres 7 Playa de Fañabe, 38660 Playa de Fanabe","International, Pub",https://www.tripadvisor.ie/Restaurant_Review-g1166580-d4611471-Reviews-Cafe_Steps-Playa_de_Fanabe_Costa_Adeje_Adeje_Tenerife_Canary_Islands.html,Adeje,4.5,Cafe Steps
"Avenida Rafael Puig Lluvina, No 43 CC Bora-Bora, Local 16B","Indian, International, Asian",https://www.tripadvisor.ie/Restaurant_Review-g187482-d12317352-Reviews-Bombay_Beach_Indian_Tandoori-Santa_Cruz_de_Tenerife_Tenerife_Canary_Islands.html,38660 Santa Cruz de Tenerife,4.5,Bombay Beach Indian Tandoori
"Calle Eugenio Dominguez Alfonso Centro Commercial Pueblo Danario, 38660 Playa de las Americas","American, Bar, Cafe",https://www.tripadvisor.ie/Restaurant_Review-g562820-d10306117-Reviews-Restaurante_Monica-Playa_de_las_Americas_Arona_Tenerife_Canary_Islands.html,Arona,4.5,Restaurante Monica
Calle Londres Centro Comercial Playa Fanabe Local26,"Asian, Hong Kong, Vegetarian Friendly",https://www.tripadvisor.ie/Restaurant_Review-g187479-d3936564-Reviews-Phoenix_City-Tenerife_Canary_Islands.html,38670,4.5,Phoenix City
"Avenida del Arquitecto Gomez Cuesta 4 opposite Vanilla Garden Hotel and Gala Hotel, 38650 Playa de las Americas","International, British, Vegetarian Friendly",https://www.tripadvisor.ie/Restaurant_Review-g562820-d13568635-Reviews-Ginger_Restaurant_Bar-Playa_de_las_Americas_Arona_Tenerife_Canary_Islands.html,Arona,4.5,Ginger Restaurant & Bar
"Al Lado Del Seur, Las Americas Avenida Antonio Dominguez 50 Residencial el camisón, Local 50, junto a SEUR, 38650 Playa de las Americas","Mediterranean, European, Spanish",https://www.tripadvisor.ie/Restaurant_Review-g562820-d14215688-Reviews-Cocina_Creativa_I_D-Playa_de_las_Americas_Arona_Tenerife_Canary_Islands.html,Arona,5.0,Cocina Creativa I+D
"Avenida de Bruselas 14 Duke Shops, 38679","Indian, Balti, Vegetarian Friendly",https://www.tripadvisor.ie/Restaurant_Review-g662606-d19223822-Reviews-Centro_Comercial_The_Duke_Shops-Costa_Adeje_Adeje_Tenerife_Canary_Islands.html,Adeje,4.5,Centro Comercial The Duke Shops
"Calle el muelle, edificio famar Local Bajo 2, 38679 La Caleta","Steakhouse, Mediterranean, European",https://www.tripadvisor.ie/Restaurant_Review-g796999-d8429954-Reviews-CHAR_Modern_cocina_grill-La_Caleta_Costa_Adeje_Adeje_Tenerife_Canary_Islands.html,Adeje,4.5,CHAR Modern cocina & grill
"Avenida de Rafael Puig Lluvina 24 24 Arona, 38650 Playa de las Americas","Bar, Pub, Vegetarian Friendly",https://www.tripadvisor.ie/Restaurant_Review-g562820-d7133760-Reviews-PJ_s_Bar-Playa_de_las_Americas_Arona_Tenerife_Canary_Islands.html,Arona,4.5,PJ's Bar
"1st floor Commercial Centre Safari,, 38650 Playa de las Americas","Asian, Thai, Healthy",https://www.tripadvisor.ie/Restaurant_Review-g562820-d2035645-Reviews-Thai_Botanico-Playa_de_las_Americas_Arona_Tenerife_Canary_Islands.html,Arona,4.5,Thai Botanico
"Calle del Castillo 16B C.C. Rio Centre, Torviscas Bajo, 38670","Irish, Bar, British",https://www.tripadvisor.ie/Restaurant_Review-g315919-d14015865-Reviews-The_Irish_Oak-Adeje_Tenerife_Canary_Islands.html,Adeje,4.5,The Irish Oak
"C/ La Enramada, 9 Sheraton La Caleta Resort & Spa, 38670","Mediterranean, European, Spanish",https://www.tripadvisor.ie/Restaurant_Review-g315919-d6708279-Reviews-La_Venta-Adeje_Tenerife_Canary_Islands.html,Adeje,4.5,La Venta
"Avenida las Americas 5 1st floor Safari Shopping Center, 38650 Playa de las Americas","Steakhouse, British, Gastropub",https://www.tripadvisor.ie/Restaurant_Review-g562820-d3664104-Reviews-Empire_Modern_British_Restaurant_Steak_House-Playa_de_las_Americas_Arona_Tenerife.html,Arona,4.5,Empire Modern British Restaurant & Steak House
"Avenida Las Gaviotas, 38670 La Caleta","Seafood, International, Mediterranean",https://www.tripadvisor.ie/Restaurant_Review-g796999-d12915714-Reviews-Lagarto_Brasserie-La_Caleta_Costa_Adeje_Adeje_Tenerife_Canary_Islands.html,Adeje,4.5,Lagarto Brasserie
"Playa de la Enramada, La Caleta, 38670","Bar, International, Mediterranean",https://www.tripadvisor.ie/Restaurant_Review-g315919-d7360461-Reviews-Coqueluche-Adeje_Tenerife_Canary_Islands.html,Adeje,4.0,Coqueluche
"Av. Santiago Puig, Playa de las Americas","Bar, British, Pub",https://www.tripadvisor.ie/Restaurant_Review-g562820-d4501783-Reviews-Carriages_British_Bar-Playa_de_las_Americas_Arona_Tenerife_Canary_Islands.html,Arona,4.5,Carriages British Bar
"Lugar urbanizacion San Eugenio S/N Local 7, Garden City, 38660",Fast food,https://www.tripadvisor.ie/Restaurant_Review-g662606-d7307226-Reviews-Star_Bar-Costa_Adeje_Adeje_Tenerife_Canary_Islands.html,Adeje,4.0,Star Bar
"Avda Espana, C.c. Santa Maria Loc. 12-13 Adeje-torviscas Bajo, Playa de las Americas","Bar, International, European",https://www.tripadvisor.ie/Restaurant_Review-g562820-d2350856-Reviews-Amanda-Playa_de_las_Americas_Arona_Tenerife_Canary_Islands.html,Arona,4.0,Amanda
"Avenida Antonio Dominguez nº8 Residencial El Camisón, Local 24, 38660 Playa de las Americas","Japanese, Sushi, Healthy",https://www.tripadvisor.ie/Restaurant_Review-g562820-d9997047-Reviews-Sushi_Amore-Playa_de_las_Americas_Arona_Tenerife_Canary_Islands.html,Arona,4.5,Sushi Amore
"Avenida la Habana 12 Local 3, 38650 Los Cristianos","International, Vegetarian Friendly, Vegan Options",https://www.tripadvisor.ie/Restaurant_Review-g659661-d18452370-Reviews-Carisma-Los_Cristianos_Arona_Tenerife_Canary_Islands.html,Arona,5.0,Carisma
"Calle valencia Local 5.4 Playa Torviscar, 38660 Playa de las Americas","Bar, Mediterranean, European",https://www.tripadvisor.ie/Restaurant_Review-g562820-d12248947-Reviews-Meson_Silver_Spoon-Playa_de_las_Americas_Arona_Tenerife_Canary_Islands.html,Arona,4.5,Meson Silver Spoon
"Avenida la Habana 9 C.C. San Telmo, 38670 Los Cristianos","Indian, Asian, Balti",https://www.tripadvisor.ie/Restaurant_Review-g659661-d15553878-Reviews-Tandoori_Hut_Los_Cristianos-Los_Cristianos_Arona_Tenerife_Canary_Islands.html,Arona,5.0,Tandoori Hut - Los Cristianos
"Avenida Santiago Puig Local 7-8, 38660 Playa de las Americas","Indian, Asian, Balti",https://www.tripadvisor.ie/Restaurant_Review-g562820-d10328499-Reviews-Spice_of_India-Playa_de_las_Americas_Arona_Tenerife_Canary_Islands.html,Arona,4.5,Spice of India
"Local 41 City Center, 38650 Playa de las Americas","Indian, Asian, Balti",https://www.tripadvisor.ie/Restaurant_Review-g562820-d2294011-Reviews-Krishna_2-Playa_de_las_Americas_Arona_Tenerife_Canary_Islands.html,Arona,4.5,Krishna 2
"c.c.Litoral loc. 14-15 Playa de Fanabe, 38670","Bar, Mediterranean, European",https://www.tripadvisor.ie/Restaurant_Review-g662606-d12301720-Reviews-Fanabe_Sol-Costa_Adeje_Adeje_Tenerife_Canary_Islands.html,Adeje,4.5,Fanabe Sol
"Calle Londres, Local 27 - 28 Centro Comercial Litoral","Indian, Balti, Eastern European",https://www.tripadvisor.ie/Restaurant_Review-g187479-d3650157-Reviews-Ganges_Tandoori-Tenerife_Canary_Islands.html,38660,4.5,Ganges Tandoori
"Avenida las Gaviotas Numero 20 Canarias, Spain, 38679 La Caleta","Cafe, Healthy",https://www.tripadvisor.ie/Restaurant_Review-g796999-d19375108-Reviews-Bloom_Bar_Brunch-La_Caleta_Costa_Adeje_Adeje_Tenerife_Canary_Islands.html,Adeje,4.5,Bloom Bar & Brunch
"Playa La Pinta, Puerto Colon","European, Vegetarian Friendly, Vegan Options",https://www.tripadvisor.ie/Restaurant_Review-g662606-d4416032-Reviews-Restaurante_El_Puerto-Costa_Adeje_Adeje_Tenerife_Canary_Islands.html,Adeje,4.5,Restaurante El Puerto
"Playa de Torviscas Centro Costa, local 80, 38660","Bar, Pizza, European",https://www.tripadvisor.ie/Restaurant_Review-g662606-d14799928-Reviews-Waves_Beach_Restaurant-Costa_Adeje_Adeje_Tenerife_Canary_Islands.html,Adeje,4.5,Waves Beach Restaurant
Calle Mexico,"Chinese, Hong Kong, Vegetarian Friendly",https://www.tripadvisor.ie/Restaurant_Review-g187479-d3618179-Reviews-Rong_Cheng_Chinese-Tenerife_Canary_Islands.html,Playa de Las Americas,4.5,Rong Cheng Chinese
"C.C.Litoral, local 47-48","Vegetarian Friendly, Vegan Options",https://www.tripadvisor.ie/Restaurant_Review-g187479-d2627123-Reviews-Testarossa_Lounge-Tenerife_Canary_Islands.html,38670,4.0,Testarossa Lounge
"Paseo de Berlin 5 Esempio: incrocio o piazza, 38650 Los Cristianos","Mediterranean, European, Gastropub",https://www.tripadvisor.ie/Restaurant_Review-g659661-d15742672-Reviews-Sal_fina-Los_Cristianos_Arona_Tenerife_Canary_Islands.html,Arona,5.0,Sal fina
"Calle Valencia Shopping Center Costa, 38660","Italian, Seafood, International",https://www.tripadvisor.ie/Restaurant_Review-g662606-d5267635-Reviews-Martini_by_TP_Restaurant-Costa_Adeje_Adeje_Tenerife_Canary_Islands.html,Adeje,4.0,Martini by TP Restaurant
"Pasaje Austria 5, 38660 Playa de las Americas","International, Mediterranean, European",https://www.tripadvisor.ie/Restaurant_Review-g562820-d953078-Reviews-El_Molino_Blanco-Playa_de_las_Americas_Arona_Tenerife_Canary_Islands.html,Arona,4.0,El Molino Blanco
"Avenida de Amsterdam 2, 38650 Los Cristianos","Indian, Vegetarian Friendly, Vegan Options",https://www.tripadvisor.ie/Restaurant_Review-g659661-d15677484-Reviews-Kismat_Tandoori-Los_Cristianos_Arona_Tenerife_Canary_Islands.html,Arona,5.0,Kismat Tandoori
"Avenida de los Vientos 12 Local 8., 38670","Japanese, Sushi, Asian",https://www.tripadvisor.ie/Restaurant_Review-g315919-d10235691-Reviews-El_Rincon_Del_Sushi-Adeje_Tenerife_Canary_Islands.html,Adeje,4.5,El Rincon Del Sushi
"Avenida Santiago Puig Local 28, 27 playa de las Americas, 38650","Lebanese, Vegetarian Friendly, Vegan Options",https://www.tripadvisor.ie/Restaurant_Review-g230096-d8605639-Reviews-Ilili-Arona_Tenerife_Canary_Islands.html,Arona,4.5,Ilili
"Avenida la Constitucion 2, 38670",Spanish,https://www.tripadvisor.ie/Restaurant_Review-g315919-d999773-Reviews-Bodegon_Damary-Adeje_Tenerife_Canary_Islands.html,Adeje,4.5,Bodegón Damary
"Avenida Rafael Puig Lluvina Urbanizacion Americas, 43, 38660 Playa de las Americas","Bar, Seafood, Mediterranean",https://www.tripadvisor.ie/Restaurant_Review-g562820-d8633647-Reviews-Bora_Bora-Playa_de_las_Americas_Arona_Tenerife_Canary_Islands.html,Arona,4.5,Bora Bora
"Calle el muelle, edificio famar Local Bajo 2, 38679 La Caleta","Steakhouse, Mediterranean, European",https://www.tripadvisor.ie/Restaurant_Review-g796999-d8429954-Reviews-CHAR_Modern_cocina_grill-La_Caleta_Costa_Adeje_Adeje_Tenerife_Canary_Islands.html,Adeje,4.5,CHAR Modern cocina & grill
"Avda Rafael Puig Rs Los Cardones 2 Avda. Rafael Puig, 38660 Playa de las Americas","Italian, International, Mediterranean",https://www.tripadvisor.ie/Restaurant_Review-g562820-d3138624-Reviews-Sugar_and_Spices_Restaurant-Playa_de_las_Americas_Arona_Tenerife_Canary_Islands.html,Arona,4.5,Sugar and Spices Restaurant
"Avenida de Rafael Puig Lluvina 5 Las Veronicas 2, 38650 Playa de las Americas","Italian, Pizza, Grill",https://www.tripadvisor.ie/Restaurant_Review-g562820-d15598563-Reviews-Vianello_s_Tenerife-Playa_de_las_Americas_Arona_Tenerife_Canary_Islands.html,Arona,4.5,Vianello's Tenerife
"Calle Noelia Afonso Cabrera 16 CC Columbus, Las Americas","Irish, Bar, Pub",https://www.tripadvisor.ie/Restaurant_Review-g187479-d7192706-Reviews-The_Chieftain-Tenerife_Canary_Islands.html,38660,4.5,The Chieftain
"Avenida Habana 11 Centro Commercial San Telmo Loc. 11/12 A 1 Planta, 38650 Los Cristianos","Italian, Seafood, Mediterranean",https://www.tripadvisor.ie/Restaurant_Review-g659661-d13169911-Reviews-Taste_Sin_Gluten-Los_Cristianos_Arona_Tenerife_Canary_Islands.html,Arona,5.0,Taste Sin Gluten
"Paseo Estocolmo 10 Centro Los cristianos, 38650 Los Cristianos","Italian, Seafood, International",https://www.tripadvisor.ie/Restaurant_Review-g659661-d13161103-Reviews-Ricos_restaurant-Los_Cristianos_Arona_Tenerife_Canary_Islands.html,Arona,5.0,Ricos restaurant
"Avenida Las Gaviotas, 38670 La Caleta","Seafood, International, Mediterranean",https://www.tripadvisor.ie/Restaurant_Review-g796999-d12915714-Reviews-Lagarto_Brasserie-La_Caleta_Costa_Adeje_Adeje_Tenerife_Canary_Islands.html,Adeje,4.5,Lagarto Brasserie
"El Jable, s/n, C.C. Esmeralda El Jable, s/n, C.C. Esmeralda 17, 38678 Callao Salvaje","International, Mediterranean, European",https://www.tripadvisor.ie/Restaurant_Review-g664636-d10785879-Reviews-The_Prince_Restaurant-Callao_Salvaje_Adeje_Tenerife_Canary_Islands.html,Adeje,4.5,The Prince Restaurant
"Calle Los Sabandeños, 3 Edificio Marte , 4, 38650 Los Cristianos","French, Mediterranean, European",https://www.tripadvisor.ie/Restaurant_Review-g659661-d12388594-Reviews-Santa_Lucia-Los_Cristianos_Arona_Tenerife_Canary_Islands.html,Arona,5.0,Santa Lucia
"Calle Grande 18, 38670",Spanish,https://www.tripadvisor.ie/Restaurant_Review-g315919-d3701287-Reviews-Bar_Restaurante_Espana-Adeje_Tenerife_Canary_Islands.html,Adeje,4.5,Bar Restaurante Espana
"Calle Hermano Pedro de Bethencourt C.C. Apolo local 3, 38650 Los Cristianos","Indian, Asian, Healthy",https://www.tripadvisor.ie/Restaurant_Review-g659661-d13543651-Reviews-Little_India-Los_Cristianos_Arona_Tenerife_Canary_Islands.html,Arona,5.0,Little India
"Avenida de Santiago Puig 3, 38650 Playa de las Americas","Indian, Vegetarian Friendly, Halal",https://www.tripadvisor.ie/Restaurant_Review-g562820-d15613144-Reviews-Bollywood_Tandoori_Indian_Restaurant-Playa_de_las_Americas_Arona_Tenerife_Canary.html,Arona,4.5,Bollywood Tandoori Indian Restaurant
"Calle El Jable 47 Local 25, 38678 Callao Salvaje","Indian, Balti, Vegetarian Friendly",https://www.tripadvisor.ie/Restaurant_Review-g664636-d10207398-Reviews-Masala_Indian_Tandoori_Restaurant-Callao_Salvaje_Adeje_Tenerife_Canary_Islands.html,Adeje,4.5,Masala Indian Tandoori Restaurant
"Calle Cuba, Pueblo Canario Local 1, Acapulco Building, Corner with Avenida Rafael Puig Lluvina, 38660","Steakhouse, International, Mediterranean",https://www.tripadvisor.ie/Restaurant_Review-g315919-d13978079-Reviews-Royal_Grill-Adeje_Tenerife_Canary_Islands.html,Adeje,4.5,Royal Grill
Avda E. Sarti s/n,"Bar, Cafe, Pub",https://www.tripadvisor.ie/Restaurant_Review-g662606-d2314267-Reviews-News_Cafe-Costa_Adeje_Adeje_Tenerife_Canary_Islands.html,Adeje,4.5,News Cafe
"Ligger vid stranpromenaden, 61155 Playa de las Americas","Seafood, Mediterranean, European",https://www.tripadvisor.ie/Restaurant_Review-g562820-d5564142-Reviews-Marco_Polo-Playa_de_las_Americas_Arona_Tenerife_Canary_Islands.html,Arona,4.5,Marco Polo
"Avenida Antonio Dominguez Residencial El Camison, Local 41 y 42, 38660 Los Cristianos","Asian, Cantonese, Szechuan",https://www.tripadvisor.ie/Restaurant_Review-g659661-d3521805-Reviews-Restaurante_Oriental_Gran_Familia-Los_Cristianos_Arona_Tenerife_Canary_Islands.html,Arona,4.5,Restaurante Oriental Gran Familia
"Calle de Galicia 4 Centro Comercial Cosmos, 38660","Mediterranean, European, Vegetarian Friendly",https://www.tripadvisor.ie/Restaurant_Review-g662606-d13449894-Reviews-La_3_60-Costa_Adeje_Adeje_Tenerife_Canary_Islands.html,Adeje,4.5,La 3.60
"Calle Roma, 38660","Bar, International, British",https://www.tripadvisor.ie/Restaurant_Review-g662606-d4604770-Reviews-The_First_And_Last_Fun_Pub-Costa_Adeje_Adeje_Tenerife_Canary_Islands.html,Adeje,4.0,The First And Last Fun Pub
"Av. de España Hotel Santa Maria. Local-1, 38660 Playa de las Americas","Indian, Vegetarian Friendly, Vegan Options",https://www.tripadvisor.ie/Restaurant_Review-g562820-d1874808-Reviews-Gandhi-Playa_de_las_Americas_Arona_Tenerife_Canary_Islands.html,Arona,4.0,Gandhi
"Calle la Paloma 2, 38650 Los Cristianos","Italian, Seafood, Neapolitan",https://www.tripadvisor.ie/Restaurant_Review-g659661-d15677281-Reviews-La_Piazzetta_del_Mar-Los_Cristianos_Arona_Tenerife_Canary_Islands.html,Arona,5.0,La Piazzetta del Mar
"Avenida de Bruselas 14 Centro Comercial The Duke Shops Local 1-2, 38660","Thai, Vegetarian Friendly",https://www.tripadvisor.ie/Restaurant_Review-g662606-d19382600-Reviews-Yum_Yum-Costa_Adeje_Adeje_Tenerife_Canary_Islands.html,Adeje,4.5,Yum Yum
"urbanizacion Playa Fanabe 35, 38660","Steakhouse, Barbecue",https://www.tripadvisor.ie/Restaurant_Review-g230096-d1006238-Reviews-Rodeo-Arona_Tenerife_Canary_Islands.html,Arona,4.5,Rodeo
"San Eugenio Costa Adeje, Playa de las Americas","Chinese, Asian, Cantonese",https://www.tripadvisor.ie/Restaurant_Review-g562820-d2455473-Reviews-B_and_Q_Chinese_Restaurant-Playa_de_las_Americas_Arona_Tenerife_Canary_Islands.html,Arona,4.5,B and  Q  Chinese Restaurant
Puerto Colon,"French, Chinese, Cafe",https://www.tripadvisor.ie/Restaurant_Review-g315919-d5884014-Reviews-Las_Olas-Adeje_Tenerife_Canary_Islands.html,Adeje,4.5,Las Olas
"Avenieda Los Pueblos San Euguenio Las Americas, 38660","Irish, Bar, British",https://www.tripadvisor.ie/Restaurant_Review-g662606-d8179556-Reviews-The_Irish_Rover-Costa_Adeje_Adeje_Tenerife_Canary_Islands.html,Adeje,4.5,The Irish Rover
"Calle de La Paloma 11 Los Cristianos Tenerife, 38650 Los Cristianos","Dutch, European, Vegetarian Friendly",https://www.tripadvisor.ie/Restaurant_Review-g659661-d7109824-Reviews-D_n_Hollander-Los_Cristianos_Arona_Tenerife_Canary_Islands.html,Arona,5.0,D'n Hollander
"Avenida Espana 3 San Eugenio, Costa Adeje, Tenerife, 38660","American, Bar, Diner",https://www.tripadvisor.ie/Restaurant_Review-g315919-d751562-Reviews-Harley_s_American_Restaurant_Bar-Adeje_Tenerife_Canary_Islands.html,Adeje,4.0,Harley's American Restaurant & Bar
"Calle Gran Bretana, 38660","Seafood, European, Spanish",https://www.tripadvisor.ie/Restaurant_Review-g662606-d1381862-Reviews-Restaurante_Las_Rocas-Costa_Adeje_Adeje_Tenerife_Canary_Islands.html,Adeje,4.0,Restaurante Las Rocas
"Avenida Jable 45 Centro Comercial Apollo Sur, locales 16 - 17, 38678 Callao Salvaje","Indian, Asian, Balti",https://www.tripadvisor.ie/Restaurant_Review-g664636-d6405377-Reviews-Bombay_Babu_Callao_Salvaje-Callao_Salvaje_Adeje_Tenerife_Canary_Islands.html,Adeje,4.5,Bombay Babu Callao Salvaje
"Calle Francisco Andrade Fumero C.C.Veronica 3, 38660 Playa de las Americas","Seafood, International, Mediterranean",https://www.tripadvisor.ie/Restaurant_Review-g562820-d3294048-Reviews-Restaurante_Mayte-Playa_de_las_Americas_Arona_Tenerife_Canary_Islands.html,Arona,4.5,Restaurante Mayte
"Calle el Muelle 2 3/4. Edit. Famar, Local, 38679 La Caleta","Japanese, Seafood, Sushi",https://www.tripadvisor.ie/Restaurant_Review-g796999-d17165576-Reviews-Kai_La_Caleta-La_Caleta_Costa_Adeje_Adeje_Tenerife_Canary_Islands.html,Adeje,4.5,Kai La Caleta
"Calle el muelle, edificio famar Local Bajo 2, 38679 La Caleta","Steakhouse, Mediterranean, European",https://www.tripadvisor.ie/Restaurant_Review-g796999-d8429954-Reviews-CHAR_Modern_cocina_grill-La_Caleta_Costa_Adeje_Adeje_Tenerife_Canary_Islands.html,Adeje,4.5,CHAR Modern cocina & grill
,"Mediterranean, European, Spanish",https://www.tripadvisor.ie/Restaurant_Review-g187479-d3176092-Reviews-El_Gomero-Tenerife_Canary_Islands.html,Av. V Centenario 1,4.5,El Gomero
"C.C. Safari, Avenida De Las Americas, 5, 38650 Playa de las Americas","Italian, Pizza, Mediterranean",https://www.tripadvisor.ie/Restaurant_Review-g562820-d2039547-Reviews-Bianco_Restaurant-Playa_de_las_Americas_Arona_Tenerife_Canary_Islands.html,Arona,4.5,Bianco Restaurant
"Calle de Jesus Dominguez Grillo 12 near Puerto de Los Cristianos, 38650 Los Cristianos","International, Mediterranean, European",https://www.tripadvisor.ie/Restaurant_Review-g659661-d12859016-Reviews-Akustito_Restaurante_y_Cocteleria-Los_Cristianos_Arona_Tenerife_Canary_Islands.html,Arona,5.0,Akustito Restaurante y Coctelería
"Paseo de Madrid 12, 38650 Los Cristianos","Mediterranean, Spanish, Fusion",https://www.tripadvisor.ie/Restaurant_Review-g659661-d12176362-Reviews-Arte_del_Gusto-Los_Cristianos_Arona_Tenerife_Canary_Islands.html,Arona,5.0,Arte del Gusto
"cc Playa de Fanabe, Local 38-42","Italian, Mediterranean, European",https://www.tripadvisor.ie/Restaurant_Review-g187479-d3941714-Reviews-Capri-Tenerife_Canary_Islands.html,38660-Playa de Fanabe Costa Adeje,4.5,Capri
"Avenida Las Gaviotas, 38670 La Caleta","Seafood, International, Mediterranean",https://www.tripadvisor.ie/Restaurant_Review-g796999-d12915714-Reviews-Lagarto_Brasserie-La_Caleta_Costa_Adeje_Adeje_Tenerife_Canary_Islands.html,Adeje,4.5,Lagarto Brasserie
"Avenida Rafael Puig 28, 38660 Playa de las Americas","International, Mediterranean, European",https://www.tripadvisor.ie/Restaurant_Review-g562820-d2659660-Reviews-Las_Rosas-Playa_de_las_Americas_Arona_Tenerife_Canary_Islands.html,Arona,4.5,Las Rosas
"San Eugenio Bajo Centro Commercial CC 223, 38670","Asian, Thai, Vegetarian Friendly",https://www.tripadvisor.ie/Restaurant_Review-g662606-d15004948-Reviews-My_Thai_Lounge-Costa_Adeje_Adeje_Tenerife_Canary_Islands.html,Adeje,4.5,My Thai Lounge
Gran Hotel Bahia del Duque Resort Avda. Bruselas s/n,"Mediterranean, European, Spanish",https://www.tripadvisor.ie/Restaurant_Review-g662606-d1777066-Reviews-Las_Aguas-Costa_Adeje_Adeje_Tenerife_Canary_Islands.html,Adeje,4.5,Las Aguas
"Calle Hermano Pedro Bethencourt C.C. Apolo Local 5, 38650 Los Cristianos","Asian, Thai, Vegetarian Friendly",https://www.tripadvisor.ie/Restaurant_Review-g659661-d16852829-Reviews-ThaiRico-Los_Cristianos_Arona_Tenerife_Canary_Islands.html,Arona,5.0,ThaiRico
"Avenida los Playeros 33 Bajo, 38650 Los Cristianos","Italian, Seafood, Mediterranean",https://www.tripadvisor.ie/Restaurant_Review-g659661-d17781954-Reviews-Restaurante_Agua_Marina-Los_Cristianos_Arona_Tenerife_Canary_Islands.html,Arona,5.0,Restaurante Agua Marina
"Calle Eugenio Dominguez Alfonso Pueblo Canario, 38660 Playa de las Americas","Indian, Vegetarian Friendly, Vegan Options",https://www.tripadvisor.ie/Restaurant_Review-g562820-d4707873-Reviews-Rani_Tandoori-Playa_de_las_Americas_Arona_Tenerife_Canary_Islands.html,Arona,4.5,Rani Tandoori
"Paseo Tarajal Centro Commercial Compostela Beach, 38660 Playa de las Americas","Italian, Mediterranean, European",https://www.tripadvisor.ie/Restaurant_Review-g562820-d1973634-Reviews-First_Love-Playa_de_las_Americas_Arona_Tenerife_Canary_Islands.html,Arona,4.5,First Love
"Calle Venezuela Residence Borinquen, 38660","Italian, International, Mediterranean",https://www.tripadvisor.ie/Restaurant_Review-g662606-d12862524-Reviews-Waikiki_Bar-Costa_Adeje_Adeje_Tenerife_Canary_Islands.html,Adeje,5.0,Waikiki Bar
"Avenida de Antonio Dominguez, 38650 Los Cristianos","Italian, Pizza, Seafood",https://www.tripadvisor.ie/Restaurant_Review-g659661-d11896361-Reviews-Tratto_Pizzeria_Ciao_Toto-Los_Cristianos_Arona_Tenerife_Canary_Islands.html,Arona,4.5,Tratto Pizzeria Ciao Toto
"C.C. Fanabe Plaza Av. de Bruselas 20, Playa Fanabe, 38660","Bar, Cafe, International",https://www.tripadvisor.ie/Restaurant_Review-g662606-d4557412-Reviews-Tapas_Bar_Pata_Negra-Costa_Adeje_Adeje_Tenerife_Canary_Islands.html,Adeje,4.5,Tapas Bar Pata Negra
"Avenida Noelia Afonso Cabrera, Res. Las Vinas, 8, 38660 Playa de las Americas","Mediterranean, Spanish, Vegetarian Friendly",https://www.tripadvisor.ie/Restaurant_Review-g562820-d2697172-Reviews-Meson_Las_Lanzas-Playa_de_las_Americas_Arona_Tenerife_Canary_Islands.html,Arona,4.5,Meson Las Lanzas
"Avenida de Los Océanos, 38670","Cafe, International, Mediterranean",https://www.tripadvisor.ie/Restaurant_Review-g315919-d19804225-Reviews-Siete_Sabios-Adeje_Tenerife_Canary_Islands.html,Adeje,5.0,Siete Sabios
"Calle de Juan Reveron Sierra 4, 38650 Los Cristianos","Mediterranean, Spanish, Vegetarian Friendly",https://www.tripadvisor.ie/Restaurant_Review-g659661-d14769033-Reviews-Taberna_Cantabra-Los_Cristianos_Arona_Tenerife_Canary_Islands.html,Arona,5.0,Taberna Cántabra
"Calle Mexico Nr 3, 38650 Playa de las Americas","Cafe, Vegetarian Friendly, Vegan Options",https://www.tripadvisor.ie/Restaurant_Review-g562820-d17452285-Reviews-Flo_s_Healthy_Food_and_Bar-Playa_de_las_Americas_Arona_Tenerife_Canary_Islands.html,Arona,5.0,Flo’s Healthy Food and Bar
"C.C. Pueblo Canario, Playa de las Americas","Bar, Mediterranean, European",https://www.tripadvisor.ie/Restaurant_Review-g562820-d2708363-Reviews-The_Castle_Pub_and_Tapas_Bar-Playa_de_las_Americas_Arona_Tenerife_Canary_Islands.html,Arona,4.0,The Castle Pub and Tapas Bar
"Calle Colon 5 CC Aquamarina, 38670","Bar, European, British",https://www.tripadvisor.ie/Restaurant_Review-g662606-d15749196-Reviews-The_Bar-Costa_Adeje_Adeje_Tenerife_Canary_Islands.html,Adeje,5.0,The Bar
"Avenida Bruselas S/N Centro Comercial El Mirador, 38670","Italian, Mediterranean, European",https://www.tripadvisor.ie/Restaurant_Review-g662606-d1550895-Reviews-La_Nonna-Costa_Adeje_Adeje_Tenerife_Canary_Islands.html,Adeje,4.0,La Nonna
"Avenida Santiago Puig N. 6 Playa de las Americas., 38660 Playa de las Americas","Italian, Pizza, Mediterranean",https://www.tripadvisor.ie/Restaurant_Review-g562820-d3729291-Reviews-Little_Italy_Pompei-Playa_de_las_Americas_Arona_Tenerife_Canary_Islands.html,Arona,4.5,Little Italy Pompei
"Avenida Habana 11 cc San Telmo, 38650 Los Cristianos","American, Bar, Vegetarian Friendly",https://www.tripadvisor.ie/Restaurant_Review-g659661-d9728840-Reviews-Lucky_7_s_Burger_Joint-Los_Cristianos_Arona_Tenerife_Canary_Islands.html,Arona,4.5,Lucky 7's Burger Joint
"Carretera General 51, Number 87, 38640","European, British, Vegetarian Friendly",https://www.tripadvisor.ie/Restaurant_Review-g230096-d1852644-Reviews-Oliver_s_Out_of_Town-Arona_Tenerife_Canary_Islands.html,Arona,5.0,Oliver's Out of Town
"Avenida De Los Pueblos Paseo Maritimo, Hotel Villamar, 38660","Bar, Cafe, European",https://www.tripadvisor.ie/Restaurant_Review-g662606-d8692769-Reviews-Wine_cafe-Costa_Adeje_Adeje_Tenerife_Canary_Islands.html,Adeje,5.0,Wine & cafe
"Avenida la Habana 12 Los Cristianos, 38650 Playa de las Americas","Italian, Mediterranean, Neapolitan",https://www.tripadvisor.ie/Restaurant_Review-g562820-d12877954-Reviews-Oine_trattoria_italiana-Playa_de_las_Americas_Arona_Tenerife_Canary_Islands.html,Arona,5.0,Oine trattoria italiana
"Calle Gran Bretana Puerto Colon, 38660","International, Mediterranean, European",https://www.tripadvisor.ie/Restaurant_Review-g662606-d1958504-Reviews-La_Gran_Paella_Valenciana-Costa_Adeje_Adeje_Tenerife_Canary_Islands.html,Adeje,4.0,La Gran Paella Valenciana
"Urbanizacion Playa Fanabe Playa de Fanabe local 65, 38660","Belgian, Bar, European",https://www.tripadvisor.ie/Restaurant_Review-g662606-d6523134-Reviews-Belgisch_Eetcafe_Calypso-Costa_Adeje_Adeje_Tenerife_Canary_Islands.html,Adeje,4.5,Belgisch Eetcafe Calypso
"Avenida Las Americas, 9 C.C. Oasis, 38660 Playa de las Americas","Steakhouse, International, Barbecue",https://www.tripadvisor.ie/Restaurant_Review-g562820-d13117357-Reviews-Vegas_Grill-Playa_de_las_Americas_Arona_Tenerife_Canary_Islands.html,Arona,4.5,Vegas Grill
"Avenida Las Gaviotas, 38670 La Caleta","Seafood, International, Mediterranean",https://www.tripadvisor.ie/Restaurant_Review-g796999-d12915714-Reviews-Lagarto_Brasserie-La_Caleta_Costa_Adeje_Adeje_Tenerife_Canary_Islands.html,Adeje,4.5,Lagarto Brasserie
"Avenida de Rafael Puig Lluvina, 38660 Playa de las Americas","Spanish, Vegetarian Friendly, Vegan Options",https://www.tripadvisor.ie/Restaurant_Review-g562820-d5603661-Reviews-True_Flavour-Playa_de_las_Americas_Arona_Tenerife_Canary_Islands.html,Arona,4.5,True Flavour
"Locals 235 - 236, C.C. Puerto Colon, Costa Adeje, Tenerife","Chinese, Asian, Cantonese",https://www.tripadvisor.ie/Restaurant_Review-g662606-d7019664-Reviews-Pekin_Garden-Costa_Adeje_Adeje_Tenerife_Canary_Islands.html,Adeje,4.5,Pekin Garden
"Calle El Beril S/N Costa Adeje - Adeje Bajos Apartahotel Altamira, 38679","Seafood, International, Mediterranean",https://www.tripadvisor.ie/Restaurant_Review-g662606-d7707786-Reviews-Costa_Caleta_FANABE-Costa_Adeje_Adeje_Tenerife_Canary_Islands.html,Adeje,4.0,Costa Caleta FAÑABE
"Calle Juan Reveron Sierra, 38650 Los Cristianos","European, Vegetarian Friendly, Vegan Options",https://www.tripadvisor.ie/Restaurant_Review-g659661-d12556192-Reviews-La_Casita_Bar_Grill-Los_Cristianos_Arona_Tenerife_Canary_Islands.html,Arona,5.0,La Casita Bar Grill
"Calle La Paloma 11 Local 1, 38650 Los Cristianos","Seafood, Asian, Thai",https://www.tripadvisor.ie/Restaurant_Review-g659661-d11875741-Reviews-Yim_Siam_Thai_Food-Los_Cristianos_Arona_Tenerife_Canary_Islands.html,Arona,4.5,Yim Siam Thai Food
"Calle el muelle, edificio famar Local Bajo 2, 38679 La Caleta","Steakhouse, Mediterranean, European",https://www.tripadvisor.ie/Restaurant_Review-g796999-d8429954-Reviews-CHAR_Modern_cocina_grill-La_Caleta_Costa_Adeje_Adeje_Tenerife_Canary_Islands.html,Adeje,4.5,CHAR Modern cocina & grill
"Paseo Madrid, 7, 38650 Los Cristianos","Italian, Pizza, Mediterranean",https://www.tripadvisor.ie/Restaurant_Review-g659661-d14927150-Reviews-GRADI_Pizza_Napoletana_Craft_Beers-Los_Cristianos_Arona_Tenerife_Canary_Islands.html,Arona,4.5,GRADI Pizza Napoletana & Craft Beers
"Avenida Santiago Puig 6 Aparthotel Columbus Bajo Local 20, 38650 Playa de las Americas","European, Swedish, Scandinavian",https://www.tripadvisor.ie/Restaurant_Review-g562820-d2410642-Reviews-Nordic_Kitchen-Playa_de_las_Americas_Arona_Tenerife_Canary_Islands.html,Arona,4.5,Nordic Kitchen
"Urbanizacion Los Olivos, Playa de Fanabe","European, Swedish, Scandinavian",https://www.tripadvisor.ie/Restaurant_Review-g1166580-d4783214-Reviews-Ganges_tandoori-Playa_de_Fanabe_Costa_Adeje_Adeje_Tenerife_Canary_Islands.html,Adeje,4.5,Ganges tandoori
"Calle Unterhacing s/n Shopping Center The Corner, 38660","Italian, Pizza, Vegetarian Friendly",https://www.tripadvisor.ie/Restaurant_Review-g662606-d1853258-Reviews-Trattoria_Portofino-Costa_Adeje_Adeje_Tenerife_Canary_Islands.html,Adeje,4.0,Trattoria Portofino
"Calle Valle Menendez 28, 38650 Los Cristianos","International, Mediterranean, European",https://www.tripadvisor.ie/Restaurant_Review-g659661-d4453049-Reviews-Casa_Tagoro-Los_Cristianos_Arona_Tenerife_Canary_Islands.html,Arona,4.5,Casa Tagoro
"Arquitecto Gomez Cuesta, 38660 Playa de las Americas","Chinese, Cantonese, Hong Kong",https://www.tripadvisor.ie/Restaurant_Review-g562820-d7047598-Reviews-China_Garden-Playa_de_las_Americas_Arona_Tenerife_Canary_Islands.html,Arona,4.5,China Garden
"Carretera Menores Taucho 13, 38677","Mediterranean, Barbecue, European",https://www.tripadvisor.ie/Restaurant_Review-g315919-d985755-Reviews-La_Ganania-Adeje_Tenerife_Canary_Islands.html,Adeje,4.5,La Ganania
Avenida Suecia 35 Los Cristianos,"Mediterranean, European, Spanish",https://www.tripadvisor.ie/Restaurant_Review-g187479-d3730837-Reviews-Jamon_y_Mojo-Tenerife_Canary_Islands.html,38650,4.5,Jamon y Mojo
"Avenida Madronal 35, 38670","Cafe, European, Vegetarian Friendly",https://www.tripadvisor.ie/Restaurant_Review-g662606-d10480133-Reviews-Food_Avenue-Costa_Adeje_Adeje_Tenerife_Canary_Islands.html,Adeje,4.5,Food Avenue
Avenida Espana,"Bar, British, Pub",https://www.tripadvisor.ie/Restaurant_Review-g662606-d7059798-Reviews-Place_2B-Costa_Adeje_Adeje_Tenerife_Canary_Islands.html,Adeje,4.5,Place 2B
"Av. Rafael Puig Lluvina, 38660 Playa de las Americas","European, Vegetarian Friendly",https://www.tripadvisor.ie/Restaurant_Review-g562820-d1804791-Reviews-Montana-Playa_de_las_Americas_Arona_Tenerife_Canary_Islands.html,Arona,4.5,Montana
"106c. C. Paraiso Del Sur Playa Paraiso, 38678","Bar, British, Pub",https://www.tripadvisor.ie/Restaurant_Review-g662606-d6740874-Reviews-Eldon_House_Pub-Costa_Adeje_Adeje_Tenerife_Canary_Islands.html,Adeje,5.0,Eldon House Pub
"C.C. Loc.4, Puerto Colon Playa de las Americas","Bar, Seafood, Mediterranean",https://www.tripadvisor.ie/Restaurant_Review-g662606-d2154455-Reviews-Royal_Beach-Costa_Adeje_Adeje_Tenerife_Canary_Islands.html,Adeje,4.0,Royal Beach
,"Bar, British, Pub",https://www.tripadvisor.ie/Restaurant_Review-g187479-d4020107-Reviews-Old_Friends_Bar-Tenerife_Canary_Islands.html,Pueblo Canario 112 Playa de las Americas,5.0,Old Friends Bar
"Hotel La Niña, Local 5, Avenida España, Playa Torviscas Next to Bombay Babu Torviscas, 38670","Bar, European, Gastropub",https://www.tripadvisor.ie/Restaurant_Review-g662606-d12029445-Reviews-Gorilla_Grill_Pub_Kitchen-Costa_Adeje_Adeje_Tenerife_Canary_Islands.html,Adeje,4.5,Gorilla Grill Pub&Kitchen
Calle El Cabeso 8,"Seafood, Mediterranean, European",https://www.tripadvisor.ie/Restaurant_Review-g187479-d3618184-Reviews-El_Caldero-Tenerife_Canary_Islands.html,38679,4.0,El Caldero
"Callejon Gonzalo 2 Vicino Chiesa di Los Cristianos, 38650 Los Cristianos","Italian, Pizza, Mediterranean",https://www.tripadvisor.ie/Restaurant_Review-g659661-d10090622-Reviews-Oro_di_Napoli_Tenerife-Los_Cristianos_Arona_Tenerife_Canary_Islands.html,Arona,4.5,Oro di Napoli Tenerife
"Avenida Adeje 300 Shopping El Marques, 38678","Italian, Bar, Mediterranean",https://www.tripadvisor.ie/Restaurant_Review-g662606-d14782905-Reviews-Roca_Negra_Sunset_Club-Costa_Adeje_Adeje_Tenerife_Canary_Islands.html,Adeje,4.0,Roca Negra Sunset Club
"C.C. Magaly No 5 Paseo Maritimo, 38650 Los Cristianos","Chinese, Asian, Cantonese",https://www.tripadvisor.ie/Restaurant_Review-g659661-d7357042-Reviews-The_Emperor-Los_Cristianos_Arona_Tenerife_Canary_Islands.html,Arona,5.0,The Emperor
"Ave Santiago Puig Local1, 38660 Playa de las Americas","Chinese, Asian, Hong Kong",https://www.tripadvisor.ie/Restaurant_Review-g562820-d1804790-Reviews-Pekin_Garden-Playa_de_las_Americas_Arona_Tenerife_Canary_Islands.html,Arona,4.5,Pekin Garden
"Av. Europa, 38660","Italian, Pizza, Mediterranean",https://www.tripadvisor.ie/Restaurant_Review-g662606-d2052543-Reviews-Nuevo_Forno_Pizzeria_Restaurante-Costa_Adeje_Adeje_Tenerife_Canary_Islands.html,Adeje,4.0,Nuevo Forno . Pizzeria & Restaurante
"CC Parque de la Paz, Local No9, Playa de las Americas","Chinese, Asian, Cantonese",https://www.tripadvisor.ie/Restaurant_Review-g562820-d6561055-Reviews-Chinese_Restaurant_Golden_House-Playa_de_las_Americas_Arona_Tenerife_Canary_Islan.html,Arona,4.5,Chinese Restaurant Golden House
"Calle la Lava 9 Esquina, 38678 Callao Salvaje","Seafood, International, Mediterranean",https://www.tripadvisor.ie/Restaurant_Review-g664636-d2238751-Reviews-El_Ancla-Callao_Salvaje_Adeje_Tenerife_Canary_Islands.html,Adeje,4.5,El Ancla
"Avenida Santiago Puig Nr 53 local 1, Colon II, Las Americas Tenerife, 38660 Playa de las Americas","Bar, Fast food, Mediterranean",https://www.tripadvisor.ie/Restaurant_Review-g562820-d12880137-Reviews-Istanbul_Restaurant-Playa_de_las_Americas_Arona_Tenerife_Canary_Islands.html,Arona,5.0,Istanbul Restaurant
"Travesia Menores n. 8 Carretera general por Guia de Isora, 38677","Italian, Mediterranean, Contemporary",https://www.tripadvisor.ie/Restaurant_Review-g315919-d6440003-Reviews-Saporita_Restaurant-Adeje_Tenerife_Canary_Islands.html,Adeje,4.5,Saporita Restaurant
"Avenida Las Gaviotas, 38670 La Caleta","Seafood, International, Mediterranean",https://www.tripadvisor.ie/Restaurant_Review-g796999-d12915714-Reviews-Lagarto_Brasserie-La_Caleta_Costa_Adeje_Adeje_Tenerife_Canary_Islands.html,Adeje,4.5,Lagarto Brasserie
address,cuisine,link,locality,rating,title
"Calle El Beril S/N Costa Adeje - Adeje Bajos Apartahotel Altamira, 38679","Seafood, International, Mediterranean",https://www.tripadvisor.ie/Restaurant_Review-g662606-d7707786-Reviews-Costa_Caleta_FANABE-Costa_Adeje_Adeje_Tenerife_Canary_Islands.html,Adeje,4.0,Costa Caleta FAÑABE
"Calle Juan Reveron Sierra, 38650 Los Cristianos","European, Vegetarian Friendly, Vegan Options",https://www.tripadvisor.ie/Restaurant_Review-g659661-d12556192-Reviews-La_Casita_Bar_Grill-Los_Cristianos_Arona_Tenerife_Canary_Islands.html,Arona,5.0,La Casita Bar Grill
"Calle La Paloma 11 Local 1, 38650 Los Cristianos","Seafood, Asian, Thai",https://www.tripadvisor.ie/Restaurant_Review-g659661-d11875741-Reviews-Yim_Siam_Thai_Food-Los_Cristianos_Arona_Tenerife_Canary_Islands.html,Arona,4.5,Yim Siam Thai Food
"Paseo Madrid, 7, 38650 Los Cristianos","Italian, Pizza, Mediterranean",https://www.tripadvisor.ie/Restaurant_Review-g659661-d14927150-Reviews-GRADI_Pizza_Napoletana_Craft_Beers-Los_Cristianos_Arona_Tenerife_Canary_Islands.html,Arona,4.5,GRADI Pizza Napoletana & Craft Beers
"Avenida Santiago Puig 6 Aparthotel Columbus Bajo Local 20, 38650 Playa de las Americas","European, Swedish, Scandinavian",https://www.tripadvisor.ie/Restaurant_Review-g562820-d2410642-Reviews-Nordic_Kitchen-Playa_de_las_Americas_Arona_Tenerife_Canary_Islands.html,Arona,4.5,Nordic Kitchen
"Urbanizacion Los Olivos, Playa de Fanabe","European, Swedish, Scandinavian",https://www.tripadvisor.ie/Restaurant_Review-g1166580-d4783214-Reviews-Ganges_tandoori-Playa_de_Fanabe_Costa_Adeje_Adeje_Tenerife_Canary_Islands.html,Adeje,4.5,Ganges tandoori
"Calle Unterhacing s/n Shopping Center The Corner, 38660","Italian, Pizza, Vegetarian Friendly",https://www.tripadvisor.ie/Restaurant_Review-g662606-d1853258-Reviews-Trattoria_Portofino-Costa_Adeje_Adeje_Tenerife_Canary_Islands.html,Adeje,4.0,Trattoria Portofino
"Calle Valle Menendez 28, 38650 Los Cristianos","International, Mediterranean, European",https://www.tripadvisor.ie/Restaurant_Review-g659661-d4453049-Reviews-Casa_Tagoro-Los_Cristianos_Arona_Tenerife_Canary_Islands.html,Arona,4.5,Casa Tagoro
"Arquitecto Gomez Cuesta, 38660 Playa de las Americas","Chinese, Cantonese, Hong Kong",https://www.tripadvisor.ie/Restaurant_Review-g562820-d7047598-Reviews-China_Garden-Playa_de_las_Americas_Arona_Tenerife_Canary_Islands.html,Arona,4.5,China Garden
"Carretera Menores Taucho 13, 38677","Mediterranean, Barbecue, European",https://www.tripadvisor.ie/Restaurant_Review-g315919-d985755-Reviews-La_Ganania-Adeje_Tenerife_Canary_Islands.html,Adeje,4.5,La Ganania
Avenida Suecia 35 Los Cristianos,"Mediterranean, European, Spanish",https://www.tripadvisor.ie/Restaurant_Review-g187479-d3730837-Reviews-Jamon_y_Mojo-Tenerife_Canary_Islands.html,38650,4.5,Jamon y Mojo
"Avenida Madronal 35, 38670","Cafe, European, Vegetarian Friendly",https://www.tripadvisor.ie/Restaurant_Review-g662606-d10480133-Reviews-Food_Avenue-Costa_Adeje_Adeje_Tenerife_Canary_Islands.html,Adeje,4.5,Food Avenue
Avenida Espana,"Bar, British, Pub",https://www.tripadvisor.ie/Restaurant_Review-g662606-d7059798-Reviews-Place_2B-Costa_Adeje_Adeje_Tenerife_Canary_Islands.html,Adeje,4.5,Place 2B
"Av. Rafael Puig Lluvina, 38660 Playa de las Americas","European, Vegetarian Friendly",https://www.tripadvisor.ie/Restaurant_Review-g562820-d1804791-Reviews-Montana-Playa_de_las_Americas_Arona_Tenerife_Canary_Islands.html,Arona,4.5,Montana
"106c. C. Paraiso Del Sur Playa Paraiso, 38678","Bar, British, Pub",https://www.tripadvisor.ie/Restaurant_Review-g662606-d6740874-Reviews-Eldon_House_Pub-Costa_Adeje_Adeje_Tenerife_Canary_Islands.html,Adeje,5.0,Eldon House Pub
"C.C. Loc.4, Puerto Colon Playa de las Americas","Bar, Seafood, Mediterranean",https://www.tripadvisor.ie/Restaurant_Review-g662606-d2154455-Reviews-Royal_Beach-Costa_Adeje_Adeje_Tenerife_Canary_Islands.html,Adeje,4.0,Royal Beach
,"Bar, British, Pub",https://www.tripadvisor.ie/Restaurant_Review-g187479-d4020107-Reviews-Old_Friends_Bar-Tenerife_Canary_Islands.html,Pueblo Canario 112 Playa de las Americas,5.0,Old Friends Bar
"Hotel La Niña, Local 5, Avenida España, Playa Torviscas Next to Bombay Babu Torviscas, 38670","Bar, European, Gastropub",https://www.tripadvisor.ie/Restaurant_Review-g662606-d12029445-Reviews-Gorilla_Grill_Pub_Kitchen-Costa_Adeje_Adeje_Tenerife_Canary_Islands.html,Adeje,4.5,Gorilla Grill Pub&Kitchen
Calle El Cabeso 8,"Seafood, Mediterranean, European",https://www.tripadvisor.ie/Restaurant_Review-g187479-d3618184-Reviews-El_Caldero-Tenerife_Canary_Islands.html,38679,4.0,El Caldero
"Avenida Adeje 300 Shopping El Marques, 38678","Italian, Bar, Mediterranean",https://www.tripadvisor.ie/Restaurant_Review-g662606-d14782905-Reviews-Roca_Negra_Sunset_Club-Costa_Adeje_Adeje_Tenerife_Canary_Islands.html,Adeje,4.0,Roca Negra Sunset Club
"C.C. Magaly No 5 Paseo Maritimo, 38650 Los Cristianos","Chinese, Asian, Cantonese",https://www.tripadvisor.ie/Restaurant_Review-g659661-d7357042-Reviews-The_Emperor-Los_Cristianos_Arona_Tenerife_Canary_Islands.html,Arona,5.0,The Emperor
"Ave Santiago Puig Local1, 38660 Playa de las Americas","Chinese, Asian, Hong Kong",https://www.tripadvisor.ie/Restaurant_Review-g562820-d1804790-Reviews-Pekin_Garden-Playa_de_las_Americas_Arona_Tenerife_Canary_Islands.html,Arona,4.5,Pekin Garden
"CC Parque de la Paz, Local No9, Playa de las Americas","Chinese, Asian, Cantonese",https://www.tripadvisor.ie/Restaurant_Review-g562820-d6561055-Reviews-Chinese_Restaurant_Golden_House-Playa_de_las_Americas_Arona_Tenerife_Canary_Islan.html,Arona,4.5,Chinese Restaurant Golden House
"Av. Europa, 38660","Italian, Pizza, Mediterranean",https://www.tripadvisor.ie/Restaurant_Review-g662606-d2052543-Reviews-Nuevo_Forno_Pizzeria_Restaurante-Costa_Adeje_Adeje_Tenerife_Canary_Islands.html,Adeje,4.0,Nuevo Forno . Pizzeria & Restaurante
"Calle la Lava 9 Esquina, 38678 Callao Salvaje","Seafood, International, Mediterranean",https://www.tripadvisor.ie/Restaurant_Review-g664636-d2238751-Reviews-El_Ancla-Callao_Salvaje_Adeje_Tenerife_Canary_Islands.html,Adeje,4.5,El Ancla
"Avenida Santiago Puig Nr 53 local 1, Colon II, Las Americas Tenerife, 38660 Playa de las Americas","Bar, Fast food, Mediterranean",https://www.tripadvisor.ie/Restaurant_Review-g562820-d12880137-Reviews-Istanbul_Restaurant-Playa_de_las_Americas_Arona_Tenerife_Canary_Islands.html,Arona,5.0,Istanbul Restaurant
"Travesia Menores n. 8 Carretera general por Guia de Isora, 38677","Italian, Mediterranean, Contemporary",https://www.tripadvisor.ie/Restaurant_Review-g315919-d6440003-Reviews-Saporita_Restaurant-Adeje_Tenerife_Canary_Islands.html,Adeje,4.5,Saporita Restaurant
"Calle Juan XXIII Edificio Marcos, 38650 Los Cristianos","Mediterranean, European, Vegetarian Friendly",https://www.tripadvisor.ie/Restaurant_Review-g659661-d2177570-Reviews-Restaurante_La_Fortuna-Los_Cristianos_Arona_Tenerife_Canary_Islands.html,Arona,4.5,Restaurante La Fortuna
"Avenida Las Gaviotas, 38670 La Caleta","Seafood, International, Mediterranean",https://www.tripadvisor.ie/Restaurant_Review-g796999-d12915714-Reviews-Lagarto_Brasserie-La_Caleta_Costa_Adeje_Adeje_Tenerife_Canary_Islands.html,Adeje,4.5,Lagarto Brasserie
"Paseo Maritimo, CC Litoral Local 73 Playa Fanabe, 38679","Fast food, Vegetarian Friendly, Vegan Options",https://www.tripadvisor.ie/Restaurant_Review-g662606-d1155832-Reviews-Subway-Costa_Adeje_Adeje_Tenerife_Canary_Islands.html,Adeje,4.5,Subway
"Av.Arquitecto Gomez Cuesta 8 loca1, 38660 Playa de las Americas","Japanese, Seafood, Sushi",https://www.tripadvisor.ie/Restaurant_Review-g562820-d15530355-Reviews-Misushi-Playa_de_las_Americas_Arona_Tenerife_Canary_Islands.html,Arona,5.0,Misushi
"Callejon Gonzalo 2 Vicino Chiesa di Los Cristianos, 38650 Los Cristianos","Italian, Pizza, Mediterranean",https://www.tripadvisor.ie/Restaurant_Review-g659661-d10090622-Reviews-Oro_di_Napoli_Tenerife-Los_Cristianos_Arona_Tenerife_Canary_Islands.html,Arona,4.5,Oro di Napoli Tenerife
"Avda. Antonio Dominguez Alfonso, No.1 C.C. Hotel Vulcano, 38660 Playa de las Americas","Indian, Asian, Balti",https://www.tripadvisor.ie/Restaurant_Review-g562820-d12497538-Reviews-Delhi_Delights_C_C_Hotel_Vulcano-Playa_de_las_Americas_Arona_Tenerife_Canary_Isl.html,Arona,4.5,Delhi Delights - C.C. Hotel Vulcano
"Calle las Artes Nº 22 Local 2, 38679 La Caleta","Italian, Pizza, Mediterranean",https://www.tripadvisor.ie/Restaurant_Review-g796999-d12358924-Reviews-Pizzeria_Il_Locale-La_Caleta_Costa_Adeje_Adeje_Tenerife_Canary_Islands.html,Adeje,4.5,Pizzeria Il Locale
Central Commercial Local 56 Playa Fanabe Costa Adeje,"Cafe, British, Vegetarian Friendly",https://www.tripadvisor.ie/Restaurant_Review-g187482-d8333294-Reviews-Harriet_s-Santa_Cruz_de_Tenerife_Tenerife_Canary_Islands.html,38670 Santa Cruz de Tenerife,5.0,Harriet's
"Avenida Antonio Dominguez 16 Udalla Park Local 5, 38650 Playa de las Americas","Pizza, Fast food, European",https://www.tripadvisor.ie/Restaurant_Review-g562820-d8363934-Reviews-Benim_Kebab_Cafe-Playa_de_las_Americas_Arona_Tenerife_Canary_Islands.html,Arona,4.5,Benim Kebab & Cafe
"Cl Leandra EDF Vista Marina L 3, 38650 Los Cristianos","Seafood, Mediterranean, European",https://www.tripadvisor.ie/Restaurant_Review-g659661-d12911291-Reviews-Pescaito_Los_Cristianos-Los_Cristianos_Arona_Tenerife_Canary_Islands.html,Arona,4.5,Pescaito Los Cristianos
"Avenida de Juan Carlos I s/n Near to Hotel Arona, Jardines del Sur, 38650 Los Cristianos","Indian, Brew Pub, Asian",https://www.tripadvisor.ie/Restaurant_Review-g659661-d15289974-Reviews-Restaurante_Mint_flavours_of_india-Los_Cristianos_Arona_Tenerife_Canary_Islands.html,Arona,5.0,Restaurante Mint ( flavours of india)
"Avenida Rafel Puig Local 17 Centro Salytien am Hotel Gran Tinerfe, 38660 Playa de las Americas","German, Bar, European",https://www.tripadvisor.ie/Restaurant_Review-g562820-d4469071-Reviews-Bar_Berlin_Teneriffa_meets_Sylt-Playa_de_las_Americas_Arona_Tenerife_Canary_Islan.html,Arona,4.5,Bar Berlin Teneriffa meets Sylt
"Avenida Espana CC Terranova, 405, 38660","International, Russian, Eastern European",https://www.tripadvisor.ie/Restaurant_Review-g662606-d6890357-Reviews-Bar_Baku-Costa_Adeje_Adeje_Tenerife_Canary_Islands.html,Adeje,4.5,Bar-Baku
"San Telmo Just up the stairs from Las Vistas beach, Los Cristianos","European, British, Vegetarian Friendly",https://www.tripadvisor.ie/Restaurant_Review-g659661-d1783955-Reviews-The_Breeze_Inn-Los_Cristianos_Arona_Tenerife_Canary_Islands.html,Arona,4.5,The Breeze Inn
"Paseo Maritimo, 22 Playa Fanabe, 38660","Mediterranean, Spanish",https://www.tripadvisor.ie/Restaurant_Review-g315919-d4313848-Reviews-Otelo_2-Adeje_Tenerife_Canary_Islands.html,Adeje,4.0,Otelo 2
"Avenida Adeje 300 Local 10, 38678 Playa Paraiso","Seafood, Mediterranean, European",https://www.tripadvisor.ie/Restaurant_Review-g2180527-d6966175-Reviews-Punta_Paraiso_Restaurante-Playa_Paraiso_Adeje_Tenerife_Canary_Islands.html,Adeje,4.5,Punta Paraíso Restaurante
"Paseo Tarajal Compostela Beach, Playa de las Americas","Fast food, British, Vegetarian Friendly",https://www.tripadvisor.ie/Restaurant_Review-g562820-d2667105-Reviews-Scampis_Tenerife_Fish_and_Chips-Playa_de_las_Americas_Arona_Tenerife_Canary_Islan.html,Arona,4.5,Scampis Tenerife Fish and Chips
"Av.Europa 31 Edif. Oasis Local 6 San Eugenio Alto, 38660","Italian, Pizza, Mediterranean",https://www.tripadvisor.ie/Restaurant_Review-g662606-d14783851-Reviews-IT_ALY_bar_Trattoria-Costa_Adeje_Adeje_Tenerife_Canary_Islands.html,Adeje,4.5,IT&ALY bar Trattoria
Calle Londres Fanabe,"Mediterranean, European, Vegetarian Friendly",https://www.tripadvisor.ie/Restaurant_Review-g187479-d3256808-Reviews-Martini-Tenerife_Canary_Islands.html,38660,4.0,Martini
"Calle Valencia, 3, 38660","Pub, Russian, Vegetarian Friendly",https://www.tripadvisor.ie/Restaurant_Review-g662606-d12431035-Reviews-Cafe_Bar_Izbushka-Costa_Adeje_Adeje_Tenerife_Canary_Islands.html,Adeje,5.0,Cafe Bar Izbushka
"Av. de los Pueblos Local 9, 38660","Bar, Spanish, British",https://www.tripadvisor.ie/Restaurant_Review-g662606-d10140326-Reviews-Wali_Haii-Costa_Adeje_Adeje_Tenerife_Canary_Islands.html,Adeje,4.5,Wali Haii
"C/ Antonio Navarro C.C. Los Atamanes, Local 3A, 38660","Pizza, International, Mediterranean",https://www.tripadvisor.ie/Restaurant_Review-g662606-d2650268-Reviews-Restaurante_La_Sirena-Costa_Adeje_Adeje_Tenerife_Canary_Islands.html,Adeje,4.5,Restaurante La Sirena
"C/ Drago, Centro Comercial Hls, LOCAL3, 38660","Mediterranean, Spanish, Vegetarian Friendly",https://www.tripadvisor.ie/Restaurant_Review-g315919-d1819500-Reviews-La_Alacena-Adeje_Tenerife_Canary_Islands.html,Adeje,4.5,La Alacena
"Calle Berna 7, 38650 Los Cristianos","Italian, Mediterranean, European",https://www.tripadvisor.ie/Restaurant_Review-g659661-d6453977-Reviews-Sapori_Ristorante_Pizzeria-Los_Cristianos_Arona_Tenerife_Canary_Islands.html,Arona,4.5,Sapori Ristorante Pizzeria
"Fontanta Square, 38650 Los Cristianos","Indian, Asian, Balti",https://www.tripadvisor.ie/Restaurant_Review-g659661-d2062065-Reviews-Sher_e_Punjab-Los_Cristianos_Arona_Tenerife_Canary_Islands.html,Arona,4.5,Sher e Punjab
"edificio lakme, local 6, Avienda Austria, 38660","Italian, French, Seafood",https://www.tripadvisor.ie/Restaurant_Review-g662606-d15588553-Reviews-Fagans_Eating_House-Costa_Adeje_Adeje_Tenerife_Canary_Islands.html,Adeje,5.0,Fagans Eating House
C. El Hoyo la Escalona Ifonche,Spanish,https://www.tripadvisor.ie/Restaurant_Review-g662606-d7079184-Reviews-Bar_El_Dornajo-Costa_Adeje_Adeje_Tenerife_Canary_Islands.html,Adeje,4.5,Bar El Dornajo
"Calle Noruega 7 Calle Ramòn Pino - Calle Noruega, 38650 Los Cristianos","Healthy, Southern-Italian, Vegetarian Friendly",https://www.tripadvisor.ie/Restaurant_Review-g659661-d8124847-Reviews-La_Casseruola-Los_Cristianos_Arona_Tenerife_Canary_Islands.html,Arona,4.5,La Casseruola
Calle Valencia n 3 Front of Parking,"Italian, Bar, Cafe",https://www.tripadvisor.ie/Restaurant_Review-g187482-d14944548-Reviews-Tropicalia_Sunrise-Santa_Cruz_de_Tenerife_Tenerife_Canary_Islands.html,38660 Santa Cruz de Tenerife,5.0,Tropicalia Sunrise
Avda Santiago Puig 1,"Spanish, Vegetarian Friendly, Vegan Options",https://www.tripadvisor.ie/Restaurant_Review-g187479-d3668646-Reviews-La_Boca-Tenerife_Canary_Islands.html,38660,4.5,La Boca
"Avenida Sabandenos 3, 38650 Los Cristianos","Italian, Pizza, Mediterranean",https://www.tripadvisor.ie/Restaurant_Review-g659661-d3836054-Reviews-Pizza_Y_Pasta-Los_Cristianos_Arona_Tenerife_Canary_Islands.html,Arona,4.5,Pizza Y Pasta
"Cc littoral 12-13, Playa de Fanabe","Belgian, Bar, Cafe",https://www.tripadvisor.ie/Restaurant_Review-g1166580-d12896585-Reviews-Chapo-Playa_de_Fanabe_Costa_Adeje_Adeje_Tenerife_Canary_Islands.html,Adeje,4.5,Chapo
