area,address,full_address,number,price_sold,date,matcher,year,annual_average_price_difference,lat,long
Old Quarter,Millers Court,"65 Millers Court, Old Quarter",65,399999,2018-07-16,Millers,2018,,51.89114003596089,-8.59633561033392
Fionn Laoi,Woodview,"35 Woodview, Fionn Laoi",35,350000,2018-07-13,Woodview,2018,,51.89295672639931,-8.577244778805012
Fionn Laoi,Woodview,"20 Woodview, Fionn Laoi",20,330000,2018-07-12,Woodview,2018,,51.89295672639931,-8.577244778805012
Maglin,Maglin View,"9 Maglin View, Maglin",9,386000,2018-07-11,Maglin,2018,-0.06349206349206349,51.88135112776452,-8.59523805920491
Classis Lake,The Abbey,"28 The Abbey, Classis Lake",28,220000,2018-07-10,Abbey,2018,,51.88586099008718,-8.62822296864587
Old Quarter,Coopers Grange,"129 Coopers Grange, Old Quarter",129,395000,2018-07-06,Coopers,2018,,51.89114003596089,-8.59633561033392
The Cloisters,The Cloisters,"63 The Cloisters, The Cloisters",63,280000,2018-07-06,Cloisters,2018,-0.13846153846153847,51.88453436126935,-8.578108099687265
Coolroe,Coolroe Court,"4 Coolroe Court, Coolroe",4,450775,2018-07-05,Coolroe,2018,,51.885279789132504,-8.622716969745719
The Maltings,Granary Court,"21 Granary Court, The Maltings",21,200000,2018-07-04,Granary,2018,,51.88503727921537,-8.591352822622822
Fionn Laoi,Woodview,"29 Woodview, Fionn Laoi",29,330000,2018-06-28,Woodview,2018,,51.89295672639931,-8.577244778805012
Fionn Laoi,Woodview,"26 Woodview, Fionn Laoi",26,330000,2018-06-26,Woodview,2018,,51.89295672639931,-8.577244778805012
Muskerry Estate,Maple Lawn,"79 Maple Lawn, Muskerry Estate",79,335000,2018-06-12,Maple,2018,,51.885514844369936,-8.596310161258103
Old Quarter,Millers Court,"109 Millers Court, Old Quarter",109,460000,2018-06-11,Millers,2018,,51.89114003596089,-8.59633561033392
Steeplewoods,Steeplewoods,"1 Steeplewoods, Steeplewoods",1,896650,2018-06-05,Steeplewoods,2018,,51.88978058994379,-8.565944853663783
Old Quarter,Millers Court,"110 Millers Court, Old Quarter",110,620000,2018-06-01,Millers,2018,,51.89114003596089,-8.59633561033392
Coolroe,The Lawn,"79 The Lawn, Coolroe",79,320000,2018-05-31,Lawn,2018,,51.885279789132504,-8.622716969745719
The Cloisters,The Cloisters,"41 The Cloisters, The Cloisters",41,265000,2018-05-30,Cloisters,2018,-0.13846153846153847,51.88453436126935,-8.578108099687265
The Crescent,The Crescent,"13 The Crescent, The Crescent",13,126571,2018-05-29,Crescent,2018,,51.88974689003794,-8.592724974545812
Wyndham Downs,The Grove Wyndham Downs,"22 The Grove Wyndham Downs, Wyndham Downs",22,287000,2018-05-25,Grove,2018,,51.88594295587414,-8.620296147557605
Highfield Park,The Square,"26 The Square, Highfield Park",26,251000,2018-05-25,Square,2018,,51.88438631124541,-8.574891410855766
An Caislean,Tara An Caislan,"14 Tara An Caislan, An Caislean",14,220000,2018-05-24,Tara,2018,,51.88419579207018,-8.604721941977742
Old Quarter,Millers Court,"10 Millers Court, Old Quarter",10,250000,2018-05-22,Millers,2018,,51.89114003596089,-8.59633561033392
Carrigrohanebeg,The Willows,"201 The Willows, Carrigrohanebeg",201,223000,2018-05-17,Willows,2018,,51.89309917070151,-8.580849757357647
Old Quarter,Millers Court,"66 Millers Court, Old Quarter",66,385000,2018-05-16,Millers,2018,,51.89114003596089,-8.59633561033392
Old Quarter,Millers Court,"15 Millers Court, Old Quarter",15,258000,2018-05-14,Millers,2018,,51.89114003596089,-8.59633561033392
Parknamore,Parknamore,"11 Parknamore, Parknamore",11,280000,2018-04-30,Parknamore,2018,,51.88458744794133,-8.609309161051812
Powdermills,Mill Range,"15 Mill Range, Powdermills",15,230000,2018-04-26,Mill,2018,,51.89225015549648,-8.586096438526356
Maglin,Glincool Crescent,"15 Glincool Crescent, Maglin",15,295000,2018-04-23,Glincool,2018,-0.06349206349206349,51.88135112776452,-8.59523805920491
An Caislean,An Caislean,"112 An Caislean, An Caislean",112,266000,2018-04-20,Caislean,2018,,51.88419579207018,-8.604721941977742
Daffodil Fields,Daffodil Fields,"45 Daffodil Fields, Daffodil Fields",45,355000,2018-04-20,Daffodil,2018,,51.89114262893351,-8.573402430369397
Town Center,Tus Abhaile,"3 Tus Abhaile, Town Center",3,203500,2018-04-19,Tus,2018,,51.8878563321983,-8.600737381727024
Old Quarter,Millers Court,"67 Millers Court, Old Quarter",67,385000,2018-04-19,Millers,2018,,51.89114003596089,-8.59633561033392
Classis Lake,Oak Avenue,"10 Oak Avenue, Classis Lake",10,245000,2018-04-18,Oak,2018,,51.88586099008718,-8.62822296864587
Old Quarter,Millers Court,"70 Millers Court, Old Quarter",70,385000,2018-04-18,Millers,2018,,51.89114003596089,-8.59633561033392
Old Quarter,Leslies Arch,"2 Leslies Arch, Old Quarter",2,467620,2018-04-11,Leslies,2018,,51.89114003596089,-8.59633561033392
Old Quarter,Coopers Grange,"82 Coopers Grange, Old Quarter",82,339000,2018-04-06,Coopers,2018,,51.89114003596089,-8.59633561033392
Coolroe,Coolroe Heights,"33 Coolroe Heights, Coolroe",33,252000,2018-04-05,Coolroe,2018,,51.885279789132504,-8.622716969745719
The Maltings,Distillery Court,"27 Distillery Court, The Maltings",27,210000,2018-04-04,Distillery,2018,,51.88503727921537,-8.591352822622822
Old Quarter,Millers Court,"68 Millers Court, Old Quarter",68,335000,2018-04-04,Millers,2018,,51.89114003596089,-8.59633561033392
Old Quarter,Millers Court,"69 Millers Court, Old Quarter",69,380225,2018-04-03,Millers,2018,,51.89114003596089,-8.59633561033392
Old Quarter,Coopers Grange,"108 Coopers Grange, Old Quarter",108,465000,2018-03-29,Coopers,2018,,51.89114003596089,-8.59633561033392
Maglin,Glincool Crescent,"9 Glincool Crescent, Maglin",9,310000,2018-03-28,Glincool,2018,-0.06349206349206349,51.88135112776452,-8.59523805920491
Daffodil Fields,Daffodil Fields,"25 Daffodil Fields, Daffodil Fields",25,470000,2018-03-28,Daffodil,2018,,51.89114262893351,-8.573402430369397
Old Quarter,Coopers Grange,"10 Coopers Grange, Old Quarter",10,280000,2018-03-26,Coopers,2018,,51.89114003596089,-8.59633561033392
Old Quarter,Millers Court,"71 Millers Court, Old Quarter",71,384820,2018-03-22,Millers,2018,,51.89114003596089,-8.59633561033392
Old Quarter,Leslies Arch Old Quarter,"18 Leslies Arch Old Quarter, Old Quarter",18,190000,2018-03-18,Leslies,2018,,51.89114003596089,-8.59633561033392
Aylsbury,Aylsbury Avenue,"14 Aylsbury Avenue, Aylsbury",14,345000,2018-03-16,Aylsbury,2018,,51.88284449037205,-8.620440916875388
Classis Lake,Chestnut Cresent,"9 Chestnut Cresent, Classis Lake",9,500000,2018-03-15,Chestnut,2018,,51.88586099008718,-8.62822296864587
Rosewood,Rosewood,"8 Rosewood, Rosewood",8,235000,2018-03-09,Rosewood,2018,-0.265625,51.88865181082447,-8.575978970851866
Heathfield,The Avenue,"3 The Avenue, Heathfield",3,380000,2019-12-19,Avenue,2019,,51.88275370396547,-8.57522707085204
Coolroe,The Green,"51 The Green, Coolroe",51,331000,2019-12-18,Green,2019,-0.013882762939366715,51.885279789132504,-8.622716969745719
Old Quarter,The Cresent,"11 The Cresent, Old Quarter",11,260000,2019-12-17,Cresent,2019,-0.0014441606686788969,51.89114003596089,-8.59633561033392
Inniscarra View,Whitethorn Avenue,"13 Whitethorn Avenue, Inniscarra View",13,300000,2019-12-17,Whitethorn,2019,,51.88901621244116,-8.572065214668026
Old Quarter,Leslies Arch,"27 Leslies Arch, Old Quarter",27,360000,2019-12-17,Leslies,2019,-0.0014441606686788969,51.89114003596089,-8.59633561033392
Carrigrohanebeg,The Willows,"191 The Willows, Carrigrohanebeg",191,251000,2019-12-16,Willows,2019,0.002,51.89309917070151,-8.580849757357647
Carrigrohanebeg,The Willows,"204 The Willows, Carrigrohanebeg",204,220000,2019-12-16,Willows,2019,0.002,51.89309917070151,-8.580849757357647
Carrigrohanebeg,The Willows,"1 The Willows, Carrigrohanebeg",1,228000,2019-12-16,Willows,2019,0.002,51.89309917070151,-8.580849757357647
Old Quarter,Coopers Grange,"30 Coopers Grange, Old Quarter",30,399999,2019-12-16,Coopers,2019,-0.0014441606686788969,51.89114003596089,-8.59633561033392
Old Quarter,Millers Court,"9 Millers Court, Old Quarter",9,325000,2019-12-09,Millers,2019,-0.0014441606686788969,51.89114003596089,-8.59633561033392
Muskerry Estate,Castle Avenue,"11 Castle Avenue, Muskerry Estate",11,255000,2019-12-05,Castle,2019,-0.03571428571428571,51.885514844369936,-8.596310161258103
Old Quarter,Coopers Grange,"37 Coopers Grange, Old Quarter",37,400000,2019-12-05,Coopers,2019,-0.0014441606686788969,51.89114003596089,-8.59633561033392
Old Quarter,Coopers Grange,"2 Coopers Grange, Old Quarter",2,475000,2019-12-04,Coopers,2019,-0.0014441606686788969,51.89114003596089,-8.59633561033392
Classis Lake,The Heathers,"24 The Heathers, Classis Lake",24,277500,2019-12-04,Heathers,2019,,51.88586099008718,-8.62822296864587
Westgrove,Westgrove,"17 Westgrove, Westgrove",17,363000,2019-11-29,Westgrove,2019,,51.88676931020199,-8.6146432996872
Old Quarter,Coopers Grange,"3 Coopers Grange, Old Quarter",3,474999,2019-11-25,Coopers,2019,-0.0014441606686788969,51.89114003596089,-8.59633561033392
Castlepark,Castlepark,"6 Castlepark, Castlepark",6,199000,2019-11-20,Castlepark,2019,,51.88653927567583,-8.585310716875346
Rosewood,Rosewood Estate,"84 Rosewood Estate, Rosewood",84,350000,2019-11-18,Rosewood,2019,-0.04375,51.88865181082447,-8.575978970851866
The Cloisters,The Cloisters,"88 The Cloisters, The Cloisters",88,282000,2019-11-14,Cloisters,2019,0.0034090909090909102,51.88453436126935,-8.578108099687265
Manor Hill,Manor Hill,"3 Manor Hill, Manor Hill",3,268000,2019-11-13,Manor,2019,0.1590909090909091,51.89121035709487,-8.575907457357648
An Caislean,Newgrange,"16 Newgrange, An Caislean",16,215000,2019-11-13,Newgrange,2019,-0.024255374255374256,51.88419579207018,-8.604721941977742
Coolroe,The Green,"92 The Green, Coolroe",92,330000,2019-11-11,Green,2019,-0.013882762939366715,51.885279789132504,-8.622716969745719
Old Quarter,Coopers Grange,"71 Coopers Grange, Old Quarter",71,265000,2019-11-11,Coopers,2019,-0.0014441606686788969,51.89114003596089,-8.59633561033392
An Caislean,Caislean Drive,"68 Caislean Drive, An Caislean",68,267500,2019-11-08,Caislean,2019,-0.024255374255374256,51.88419579207018,-8.604721941977742
Coolroe,The Close,"31 The Close, Coolroe",31,360000,2019-11-07,Close,2019,-0.013882762939366715,51.885279789132504,-8.622716969745719
Powdermills,Longrange,"22 Longrange, Powdermills",22,245000,2019-11-06,Longrange,2019,,51.89225015549648,-8.586096438526356
Old Quarter,Millers Court,"27 Millers Court, Old Quarter",27,550000,2020-04-15,Millers,2020,,51.89114003596089,-8.59633561033392
Shalimar Court,Shalimar Court,"10 Shalimar Court, Shalimar Court",10,220000,2020-04-14,Shalimar,2020,,51.88896130535807,-8.578969730369383
Westcourt,Westcourt,"67 Westcourt, Westcourt",67,377000,2020-04-09,Westcourt,2020,,51.88681255417706,-8.616295628522487
Aylsbury,Aylsbury Mews,"3 Aylsbury Mews, Aylsbury",3,380000,2020-04-09,Aylsbury,2020,0.0,51.88284449037205,-8.620440916875388
Classis Lake,The Lodge Classes Lake,"13 The Lodge Classes Lake, Classis Lake",13,220000,2020-04-08,Lodge,2020,,51.88586099008718,-8.62822296864587
Wyndham Downs,The Grove,"11 The Grove, Wyndham Downs",11,275000,2020-04-07,Grove,2020,,51.88594295587414,-8.620296147557605
Westcourt,Westcourt Heights,"46 Westcourt Heights, Westcourt",46,317500,2020-04-06,Westcourt,2020,,51.88681255417706,-8.616295628522487
The Cloisters,The Cloisters,"66 The Cloisters, The Cloisters",66,280000,2020-04-06,Cloisters,2020,,51.88453436126935,-8.578108099687265
The Quadrants,North East,"125 North East, The Quadrants",125,182500,2021-03-02,North,2021,,51.8890702782036,-8.589706799326772
Rosewood,Rosewood,"9 Rosewood, Rosewood",9,320000,2021-03-01,Rosewood,2021,0.0847457627118644,51.88865181082447,-8.575978970851866
Rosewood,Rosewood,"10 Rosewood, Rosewood",10,277000,2021-02-26,Rosewood,2021,0.0847457627118644,51.88865181082447,-8.575978970851866
Beech Park,Beech Park,"69 Beech Park, Beech Park",69,252500,2021-02-23,Beech,2021,0.030612244897959183,51.884462825784524,-8.586660730369518
Town Center,Church View,"43 Church View, Town Center",43,112500,2021-02-16,Church,2021,0.08813559322033898,51.8878563321983,-8.600737381727024
Old Quarter,Coopers Grange,"73 Coopers Grange, Old Quarter",73,347000,2021-02-15,Coopers,2021,-0.012382731423827315,51.89114003596089,-8.59633561033392
The Crescent,The Crescent,"54 The Crescent, The Crescent",54,255000,2021-02-09,Crescent,2021,,51.88974689003794,-8.592724974545812
Westcourt,Westcourt Heights,"37 Westcourt Heights, Westcourt",37,285000,2021-02-05,Westcourt,2021,,51.88681255417706,-8.616295628522487
Greenfields,Old Court,"5 Old Court, Greenfields",5,425000,2019-11-04,Old,2019,,51.87941701969475,-8.620193493581136
The Maltings,Barley Grove,"26 Barley Grove, The Maltings",26,242500,2019-11-04,Barley,2019,,51.88503727921537,-8.591352822622822
Station Road,Tudor Grove,"4 Tudor Grove, Station Road",4,250000,2019-11-04,Tudor,2019,,51.885856656204545,-8.590996730369481
Greenfield,Greenfield Road," Greenfield Road, Greenfield",,555000,2019-11-01,Greenfield,2019,,51.88072634468435,-8.611355403381312
An Caislean,Caislean Drive,"73 Caislean Drive, An Caislean",73,280000,2019-10-31,Caislean,2019,-0.024255374255374256,51.88419579207018,-8.604721941977742
Carriganarra,Carriganarra,"4 Carriganarra, Carriganarra",4,325000,2019-10-30,Carriganarra,2019,-0.07142857142857142,51.88456579585057,-8.579854607281877
Maglin,Glincool Villas,"9 Glincool Villas, Maglin",9,260000,2019-10-29,Glincool,2019,,51.88135112776452,-8.59523805920491
Old Quarter,Leslies Arch,"102 Leslies Arch, Old Quarter",102,275000,2019-10-29,Leslies,2019,-0.0014441606686788969,51.89114003596089,-8.59633561033392
Castlepark,Castlepark,"42 Castlepark, Castlepark",42,185000,2019-10-28,Castlepark,2019,,51.88653927567583,-8.585310716875346
Greenfield,Oldcourt,"4 Oldcourt, Greenfield",4,433000,2019-10-25,Oldcourt,2019,,51.88072634468435,-8.611355403381312
Old Quarter,Coopers Grange,"21 Coopers Grange, Old Quarter",21,359999,2019-06-27,Coopers,2019,-0.0014441606686788969,51.89114003596089,-8.59633561033392
Coolroe,The Lawn,"31 The Lawn, Coolroe",31,270000,2019-06-25,Lawn,2019,-0.013882762939366715,51.885279789132504,-8.622716969745719
Manor Hill,Manor Hill,"35 Manor Hill, Manor Hill",35,255000,2019-06-25,Manor,2019,0.1590909090909091,51.89121035709487,-8.575907457357648
Classis Lake,The Brambles,"40 The Brambles, Classis Lake",40,311000,2019-06-21,Brambles,2019,,51.88586099008718,-8.62822296864587
Parknamore,Parknamore Heights,"43 Parknamore Heights, Parknamore",43,323475,2019-06-21,Parknamore,2019,-0.016296296296296295,51.88458744794133,-8.609309161051812
Old Quarter,Coopers Grange,"54 Coopers Grange, Old Quarter",54,290000,2019-06-17,Coopers,2019,-0.0014441606686788969,51.89114003596089,-8.59633561033392
Old Quarter,Coopers Grange,"98 Coopers Grange, Old Quarter",98,310000,2019-06-17,Coopers,2019,-0.0014441606686788969,51.89114003596089,-8.59633561033392
Castle Road,Castle Lodge,"1 Castle Lodge, Castle Road",1,320000,2019-06-17,Castle,2019,,51.88234227885883,-8.59817565735788
Town Center,Carrigdene,"8 Carrigdene, Town Center",8,290000,2020-04-02,Carrigdene,2020,0.07692307692307693,51.8878563321983,-8.600737381727024
Muskerry Estate,Pine Walk,"130 Pine Walk, Muskerry Estate",130,270000,2020-03-31,Pine,2020,,51.885514844369936,-8.596310161258103
Maglin,Maglin Green,"3 Maglin Green, Maglin",3,479999,2020-03-30,Maglin,2020,-0.07096774193548387,51.88135112776452,-8.59523805920491
Rosewood,Rosewood,"166 Rosewood, Rosewood",166,250000,2020-03-26,Rosewood,2020,-0.017543859649122806,51.88865181082447,-8.575978970851866
Coolroe,The Lawn,"71 The Lawn, Coolroe",71,330000,2020-03-20,Lawn,2020,,51.885279789132504,-8.622716969745719
Coolroe,Coolroe," Coolroe, Coolroe",,225000,2020-03-20,Coolroe,2020,,51.885279789132504,-8.622716969745719
Aylsbury,Aylsbury,"21 Aylsbury, Aylsbury",21,320000,2020-03-19,Aylsbury,2020,0.0,51.88284449037205,-8.620440916875388
Maglin,Glincool Grove,"11 Glincool Grove, Maglin",11,303000,2020-03-18,Glincool,2020,-0.07096774193548387,51.88135112776452,-8.59523805920491
Carriganarra,Carriganarra,"7 Carriganarra, Carriganarra",7,316000,2020-03-12,Carriganarra,2020,,51.88456579585057,-8.579854607281877
Maglin,Maglin Green,"2 Maglin Green, Maglin",2,480000,2020-03-11,Maglin,2020,-0.07096774193548387,51.88135112776452,-8.59523805920491
West Village,The Meadows,"9 The Meadows, West Village",9,250000,2021-02-04,Meadows,2021,-0.0196078431372549,51.88675485217772,-8.606397553304374
Old Quarter,Leslies Arch,"114 Leslies Arch, Old Quarter",114,280000,2021-02-04,Leslies,2021,-0.012382731423827315,51.89114003596089,-8.59633561033392
Town Center,Time Square,"4 Time Square, Town Center",4,180000,2021-02-04,Time,2021,0.08813559322033898,51.8878563321983,-8.600737381727024
An Caislean,An Caislean Way,"118 An Caislean Way, An Caislean",118,270000,2021-01-28,Caislean,2021,0.02177407726529392,51.88419579207018,-8.604721941977742
Maglin,Glincool Gardens,"12 Glincool Gardens, Maglin",12,305000,2021-01-26,Glincool,2021,-0.03883374689826303,51.88135112776452,-8.59523805920491
Old Quarter,Waltham Abbey,"28 Waltham Abbey, Old Quarter",28,344900,2021-01-21,Waltham,2021,-0.012382731423827315,51.89114003596089,-8.59633561033392
Rosewood,Rosewood Estate,"202 Rosewood Estate, Rosewood",202,306000,2021-01-20,Rosewood,2021,0.0847457627118644,51.88865181082447,-8.575978970851866
Old Quarter,Leslies Arch,"64 Leslies Arch, Old Quarter",64,256796,2021-01-20,Leslies,2021,-0.012382731423827315,51.89114003596089,-8.59633561033392
Maglin,Maglin Green,"11 Maglin Green, Maglin",11,299981,2021-01-18,Maglin,2021,-0.03883374689826303,51.88135112776452,-8.59523805920491
The Maltings,Distillery Court,"48 Distillery Court, The Maltings",48,220000,2021-01-18,Distillery,2021,-0.045454545454545456,51.88503727921537,-8.591352822622822
Old Quarter,Millers Court,"61 Millers Court, Old Quarter",61,399999,2019-10-25,Millers,2019,-0.0014441606686788969,51.89114003596089,-8.59633561033392
West Village,Kiermena,"1 Kiermena, West Village",1,540000,2019-10-25,Kiermena,2019,,51.88675485217772,-8.606397553304374
The Cloisters,The Cloisters,"92 The Cloisters, The Cloisters",92,270000,2019-10-24,Cloisters,2019,0.0034090909090909102,51.88453436126935,-8.578108099687265
The Quadrants,North East Quadrants,"168 North East Quadrants, The Quadrants",168,194000,2019-10-24,North,2019,,51.8890702782036,-8.589706799326772
Muskerry Estate,Castle Avenue,"59 Castle Avenue, Muskerry Estate",59,270000,2019-10-23,Castle,2019,-0.03571428571428571,51.885514844369936,-8.596310161258103
Heathfield,The Mews,"23 The Mews, Heathfield",23,369999,2019-10-22,Mews,2019,,51.88275370396547,-8.57522707085204
Old Quarter,Leslies Arch Old Quarter,"4 Leslies Arch Old Quarter, Old Quarter",4,395000,2019-10-21,Leslies,2019,-0.0014441606686788969,51.89114003596089,-8.59633561033392
Greystones,Greystones,"17 Greystones, Greystones",17,265000,2019-10-17,Greystones,2019,,51.88708566318779,-8.572495537963082
Shalimar Court,Shalimar Court,"4 Shalimar Court, Shalimar Court",4,257500,2019-10-17,Shalimar,2019,,51.88896130535807,-8.578969730369383
Old Quarter,Coopers Grange,"35 Coopers Grange, Old Quarter",35,392710,2019-10-16,Coopers,2019,-0.0014441606686788969,51.89114003596089,-8.59633561033392
Limeworth,Limeworth,"14 Limeworth, Limeworth",14,675000,2019-06-14,Limeworth,2019,,51.88244387440602,-8.582059330369558
An Caislean,An Caislean,"153 An Caislean, An Caislean",153,255000,2019-05-31,Caislean,2019,-0.024255374255374256,51.88419579207018,-8.604721941977742
Classis Lake,Oak Avenue,"1 Oak Avenue, Classis Lake",1,251000,2019-05-28,Oak,2019,,51.88586099008718,-8.62822296864587
Greenfield,Oldcourt,"1 Oldcourt, Greenfield",1,300000,2019-05-21,Oldcourt,2019,,51.88072634468435,-8.611355403381312
West Village,Hillside,"1 Hillside, West Village",1,170000,2019-05-13,Hillside,2019,,51.88675485217772,-8.606397553304374
The Quadrants,North East Quadrant,"174 North East Quadrant, The Quadrants",174,172500,2019-05-10,North,2019,,51.8890702782036,-8.589706799326772
The Stables,The Stables,"12 The Stables, The Stables",12,340000,2019-05-09,Stables,2019,,51.88380436406558,-8.622683203381243
An Caislean,Caislean Grove,"101 Caislean Grove, An Caislean",101,255000,2019-05-03,Caislean,2019,-0.024255374255374256,51.88419579207018,-8.604721941977742
Old Quarter,Millers Court,"55 Millers Court, Old Quarter",55,345000,2019-05-03,Millers,2019,-0.0014441606686788969,51.89114003596089,-8.59633561033392
Beech Park,Beech Park,"98 Beech Park, Beech Park",98,232000,2019-05-03,Beech,2019,0.05454545454545454,51.884462825784524,-8.586660730369518
Shalimar Court,Shalimar Court,"9 Shalimar Court, Shalimar Court",9,220000,2020-03-10,Shalimar,2020,,51.88896130535807,-8.578969730369383
Westcourt,Westcourt,"45 Westcourt, Westcourt",45,308000,2020-03-06,Westcourt,2020,,51.88681255417706,-8.616295628522487
Old Quarter,Millers Court,"30 Millers Court, Old Quarter",30,397619,2020-03-03,Millers,2020,,51.89114003596089,-8.59633561033392
Beech Park,Beech Park,"142 Beech Park, Beech Park",142,250000,2020-02-28,Beech,2020,0.025829808005206636,51.884462825784524,-8.586660730369518
Old Quarter,Coopers Grange,"34 Coopers Grange, Old Quarter",34,400000,2020-02-27,Coopers,2020,,51.89114003596089,-8.59633561033392
The Maltings,Distillery Court,"30 Distillery Court, The Maltings",30,206000,2020-02-25,Distillery,2020,-0.009633911368015413,51.88503727921537,-8.591352822622822
Greenfields,Woodberry,"38 Woodberry, Greenfields",38,485000,2020-02-24,Woodberry,2020,,51.87941701969475,-8.620193493581136
The Maltings,Distillery Court,"45 Distillery Court, The Maltings",45,220000,2020-02-24,Distillery,2020,-0.009633911368015413,51.88503727921537,-8.591352822622822
The Crescent,The Crescent,"6 The Crescent, The Crescent",6,270000,2020-02-24,Crescent,2020,,51.88974689003794,-8.592724974545812
Coolroe,Coolroe Heights,"27 Coolroe Heights, Coolroe",27,350000,2020-10-21,Coolroe,2020,,51.885279789132504,-8.622716969745719
Old Quarter,Coopers Grange,"29 Coopers Grange, Old Quarter",29,400000,2020-10-21,Coopers,2020,,51.89114003596089,-8.59633561033392
The Crescent,The Crescent,"24 The Crescent, The Crescent",24,385000,2020-10-15,Crescent,2020,,51.88974689003794,-8.592724974545812
Highfield Park,The Avenue,"12 The Avenue, Highfield Park",12,310000,2020-10-15,Avenue,2020,,51.88438631124541,-8.574891410855766
Beech Park,Cranford Pines,"28 Cranford Pines, Beech Park",28,170000,2020-10-12,Cranford,2020,0.025829808005206636,51.884462825784524,-8.586660730369518
Beech Park,Cranford Pines,"13 Cranford Pines, Beech Park",13,335000,2020-10-09,Cranford,2020,0.025829808005206636,51.884462825784524,-8.586660730369518
Coolroe,The Green,"5 The Green, Coolroe",5,280000,2020-10-01,Green,2020,,51.885279789132504,-8.622716969745719
An Caislean,An Caislean View,"147 An Caislean View, An Caislean",147,286000,2020-10-01,Caislean,2020,-0.048583530697759156,51.88419579207018,-8.604721941977742
Leesdale Court,Leesdale Court,"10 Leesdale Court, Leesdale Court",10,256000,2019-02-25,Leesdale,2019,,51.89042385266594,-8.583049957357712
Coolroe,The Green,"42 The Green, Coolroe",42,365000,2019-02-22,Green,2019,-0.013882762939366715,51.885279789132504,-8.622716969745719
An Caislean,An Caislean View,"156 An Caislean View, An Caislean",156,270000,2019-02-21,Caislean,2019,-0.024255374255374256,51.88419579207018,-8.604721941977742
Old Quarter,Coopers Grange,"16 Coopers Grange, Old Quarter",16,410000,2019-02-14,Coopers,2019,-0.0014441606686788969,51.89114003596089,-8.59633561033392
Muskerry Estate,Castle Avenue,"60 Castle Avenue, Muskerry Estate",60,150000,2019-02-05,Castle,2019,-0.03571428571428571,51.885514844369936,-8.596310161258103
Town Center,Chapel Lane,"1 Chapel Lane, Town Center",1,180000,2019-02-04,Chapel,2019,,51.8878563321983,-8.600737381727024
Old Quarter,Coopers Grange,"15 Coopers Grange, Old Quarter",15,409999,2019-02-04,Coopers,2019,-0.0014441606686788969,51.89114003596089,-8.59633561033392
Maglin,Glincool Grove,"17 Glincool Grove, Maglin",17,225000,2019-02-01,Glincool,2019,,51.88135112776452,-8.59523805920491
Coolroe,Seiceamair,"1 Seiceamair, Coolroe",1,425000,2021-01-07,Seiceamair,2021,-0.04406779661016949,51.885279789132504,-8.622716969745719
Maglin,Maglin Green,"10 Maglin Green, Maglin",10,393000,2021-01-05,Maglin,2021,-0.03883374689826303,51.88135112776452,-8.59523805920491
Church View,Churchview,"2 Churchview, Church View",2,270000,2020-12-21,Churchview,2020,,51.88549636879165,-8.592625889887055
Beech Park,Cranford Pines,"20 Cranford Pines, Beech Park",20,290000,2020-12-21,Cranford,2020,0.025829808005206636,51.884462825784524,-8.586660730369518
Coolroe,The Green,"13 The Green, Coolroe",13,394000,2020-12-18,Green,2020,,51.885279789132504,-8.622716969745719
Coolroe,The Lawn,"33 The Lawn, Coolroe",33,267500,2019-10-10,Lawn,2019,-0.013882762939366715,51.885279789132504,-8.622716969745719
The Cloisters,The Cloisters,"2 The Cloisters, The Cloisters",2,270000,2019-10-04,Cloisters,2019,0.0034090909090909102,51.88453436126935,-8.578108099687265
Fionn Laoi,Woodview,"18 Woodview, Fionn Laoi",18,400000,2018-11-19,Woodview,2018,,51.89295672639931,-8.577244778805012
Fionn Laoi,Woodview Fionn Laoi,"4 Woodview Fionn Laoi, Fionn Laoi",4,340000,2018-11-16,Woodview,2018,,51.89295672639931,-8.577244778805012
Old Quarter,Millers Court,"47 Millers Court, Old Quarter",47,376000,2018-11-08,Millers,2018,,51.89114003596089,-8.59633561033392
Coolroe,The Lawn,"2 The Lawn, Coolroe",2,277500,2018-11-08,Lawn,2018,,51.885279789132504,-8.622716969745719
Maglin,Clincool Gardens,"21 Clincool Gardens, Maglin",21,320000,2018-11-07,Clincool,2018,-0.06349206349206349,51.88135112776452,-8.59523805920491
An Caislean,An Caislean,"167 An Caislean, An Caislean",167,247000,2018-11-06,Caislean,2018,,51.88419579207018,-8.604721941977742
Powdermills,Powdermill Meadow,"5 Powdermill Meadow, Powdermills",5,397250,2018-11-06,Powdermill,2018,,51.89225015549648,-8.586096438526356
The Crescent,The Crescent,"45 The Crescent, The Crescent",45,260000,2018-11-05,Crescent,2018,,51.88974689003794,-8.592724974545812
An Caislean,An Caislean,"70 An Caislean, An Caislean",70,250000,2019-04-30,Caislean,2019,-0.024255374255374256,51.88419579207018,-8.604721941977742
Coolroe,The Avenue,"12 The Avenue, Coolroe",12,430000,2019-04-30,Avenue,2019,-0.013882762939366715,51.885279789132504,-8.622716969745719
Old Quarter,Coopers Grange,"23 Coopers Grange, Old Quarter",23,350000,2019-04-29,Coopers,2019,-0.0014441606686788969,51.89114003596089,-8.59633561033392
Beech Park,Cranford Pines,"10 Cranford Pines, Beech Park",10,300000,2019-04-17,Cranford,2019,0.05454545454545454,51.884462825784524,-8.586660730369518
Old Quarter,Coopers Grange,"24 Coopers Grange, Old Quarter",24,349999,2019-04-17,Coopers,2019,-0.0014441606686788969,51.89114003596089,-8.59633561033392
The Crescent,The Crescent,"71 The Crescent, The Crescent",71,270000,2019-04-12,Crescent,2019,,51.88974689003794,-8.592724974545812
Muskerry Estate,Island Way,"19 Island Way, Muskerry Estate",19,240000,2019-04-05,Island,2019,-0.03571428571428571,51.885514844369936,-8.596310161258103
Old Quarter,Coopers Grange,"27 Coopers Grange, Old Quarter",27,397250,2019-04-03,Coopers,2019,-0.0014441606686788969,51.89114003596089,-8.59633561033392
Westcourt,Westcourt Heights,"14 Westcourt Heights, Westcourt",14,245000,2019-03-29,Westcourt,2019,,51.88681255417706,-8.616295628522487
Wyndham Downs,Wyndham Downs,"30 Wyndham Downs, Wyndham Downs",30,325000,2019-10-02,Wyndham,2019,0.0,51.88594295587414,-8.620296147557605
Old Quarter,The Cresent,"7 The Cresent, Old Quarter",7,370000,2019-10-02,Cresent,2019,-0.0014441606686788969,51.89114003596089,-8.59633561033392
Old Quarter,Coopers Grange Old Quarter,"74 Coopers Grange Old Quarter, Old Quarter",74,315000,2019-09-30,Coopers,2019,-0.0014441606686788969,51.89114003596089,-8.59633561033392
Greenfields,Fernwalk,"70 Fernwalk, Greenfields",70,580000,2019-09-27,Fernwalk,2019,,51.87941701969475,-8.620193493581136
Castlepark,Castlepark,"70 Castlepark, Castlepark",70,185000,2019-09-25,Castlepark,2019,,51.88653927567583,-8.585310716875346
Old Quarter,Millers Court,"13 Millers Court, Old Quarter",13,275000,2020-02-24,Millers,2020,,51.89114003596089,-8.59633561033392
Old Quarter,Coopers Grange,"6 Coopers Grange, Old Quarter",6,456525,2020-02-21,Coopers,2020,,51.89114003596089,-8.59633561033392
Old Quarter,Millers Court,"60 Millers Court, Old Quarter",60,400000,2020-02-18,Millers,2020,,51.89114003596089,-8.59633561033392
Westgrove,Westgrove,"26 Westgrove, Westgrove",26,205666,2020-02-14,Westgrove,2020,,51.88676931020199,-8.6146432996872
Coolroe,The Stables,"17 The Stables, Coolroe",17,352000,2020-02-10,Stables,2020,,51.885279789132504,-8.622716969745719
Aylsbury,Aylsbury,"39 Aylsbury, Aylsbury",39,300000,2020-02-10,Aylsbury,2020,0.0,51.88284449037205,-8.620440916875388
Heathfield,The Avenue,"10 The Avenue, Heathfield",10,325000,2020-02-06,Avenue,2020,,51.88275370396547,-8.57522707085204
Leesdale Court,Leesdale Court,"16 Leesdale Court, Leesdale Court",16,294000,2020-02-06,Leesdale,2020,,51.89042385266594,-8.583049957357712
An Caislean,Tara An Caisleain,"1 Tara An Caisleain, An Caislean",1,207000,2020-02-05,Tara,2020,-0.048583530697759156,51.88419579207018,-8.604721941977742
The Maltings,Granary Court The Maltings,"28 Granary Court The Maltings, The Maltings",28,210000,2020-09-28,Granary,2020,-0.009633911368015413,51.88503727921537,-8.591352822622822
Town Center,Church View,"21 Church View, Town Center",21,280000,2020-09-24,Church,2020,0.07692307692307693,51.8878563321983,-8.600737381727024
Innishmore,Innishmore Lawn,"5 Innishmore Lawn, Innishmore",5,175000,2020-09-18,Innishmore,2020,,51.88897474404985,-8.608958999892096
Daffodil Fields,Daffodil Fields,"29 Daffodil Fields, Daffodil Fields",29,430000,2020-09-10,Daffodil,2020,,51.89114262893351,-8.573402430369397
Carrigrohanebeg,Cedardale,"105 Cedardale, Carrigrohanebeg",105,245000,2020-09-04,Cedardale,2020,-0.042126929674099485,51.89309917070151,-8.580849757357647
Rosewood,Rosewood Estate,"44 Rosewood Estate, Rosewood",44,224000,2020-09-04,Rosewood,2020,-0.017543859649122806,51.88865181082447,-8.575978970851866
The Crescent,The Crescent,"37 The Crescent, The Crescent",37,256000,2019-01-29,Crescent,2019,,51.88974689003794,-8.592724974545812
The Crescent,The Crescent,"17 The Crescent, The Crescent",17,275000,2019-01-28,Crescent,2019,,51.88974689003794,-8.592724974545812
Westcourt,Westcourt Heights,"6 Westcourt Heights, Westcourt",6,150000,2019-01-25,Westcourt,2019,,51.88681255417706,-8.616295628522487
Fionn Laoi,Woodview,"10 Woodview, Fionn Laoi",10,340000,2019-01-21,Woodview,2019,,51.89295672639931,-8.577244778805012
Town Center,Leo Murphy Terrace,"5a Leo Murphy Terrace, Town Center",5a,196000,2019-01-18,Leo,2019,,51.8878563321983,-8.600737381727024
Maglin,Maglin View,"8 Maglin View, Maglin",8,336000,2019-01-16,Maglin,2019,,51.88135112776452,-8.59523805920491
Old Quarter,Leslies Arch,"35 Leslies Arch, Old Quarter",35,350000,2019-01-16,Leslies,2019,-0.0014441606686788969,51.89114003596089,-8.59633561033392
The Maltings,Distillery Court,"37 Distillery Court, The Maltings",37,230000,2019-01-15,Distillery,2019,,51.88503727921537,-8.591352822622822
Classis Lake,Mossgrove,"13 Mossgrove, Classis Lake",13,428500,2019-01-11,Mossgrove,2019,,51.88586099008718,-8.62822296864587
Old Quarter,Coopers Grange,"26 Coopers Grange, Old Quarter",26,350000,2019-01-09,Coopers,2019,-0.0014441606686788969,51.89114003596089,-8.59633561033392
Old Quarter,Leslies Arch,"131 Leslies Arch, Old Quarter",131,340000,2019-01-07,Leslies,2019,-0.0014441606686788969,51.89114003596089,-8.59633561033392
Highfield,Highfield Park,"12 Highfield Park, Highfield",12,310000,2020-12-18,Highfield,2020,,51.88483134751023,-8.573114016875365
Heathfield,The Avenue,"35 The Avenue, Heathfield",35,379999,2020-12-15,Avenue,2020,,51.88275370396547,-8.57522707085204
Old Quarter,Coopers Grange,"108 Coopers Grange, Old Quarter",108,520000,2020-12-14,Coopers,2020,,51.89114003596089,-8.59633561033392
Rosewood,Rosewood Estate,"114 Rosewood Estate, Rosewood",114,280000,2020-12-14,Rosewood,2020,-0.017543859649122806,51.88865181082447,-8.575978970851866
Greystones,Greystones,"21 Greystones, Greystones",21,262000,2020-12-09,Greystones,2020,,51.88708566318779,-8.572495537963082
Town Center,Station Road," Station Road, Town Center",,310000,2020-12-09,Station,2020,0.07692307692307693,51.8878563321983,-8.600737381727024
Daffodil Fields,Daffodil Fields,"45 Daffodil Fields, Daffodil Fields",45,373000,2020-12-09,Daffodil,2020,,51.89114262893351,-8.573402430369397
The Maltings,Distillery Court,"35 Distillery Court, The Maltings",35,205000,2020-12-07,Distillery,2020,-0.009633911368015413,51.88503727921537,-8.591352822622822
Heathfield,The Avenue,"32 The Avenue, Heathfield",32,380000,2020-12-04,Avenue,2020,,51.88275370396547,-8.57522707085204
Old Quarter,The Cresent Old Fort Road,"16 The Cresent Old Fort Road, Old Quarter",16,260000,2020-12-03,Cresent,2020,,51.89114003596089,-8.59633561033392
An Caislean,Caislean View,"158 Caislean View, An Caislean",158,282000,2021-07-16,Caislean,2021,0.02177407726529392,51.88419579207018,-8.604721941977742
Parknamore,Parknamore Rise,"10 Parknamore Rise, Parknamore",10,320000,2021-07-15,Parknamore,2021,0.12280701754385964,51.88458744794133,-8.609309161051812
Old Quarter,Millers Court,"24 Millers Court, Old Quarter",24,463000,2021-07-13,Millers,2021,-0.012382731423827315,51.89114003596089,-8.59633561033392
The Stables,The Stables,"23 The Stables, The Stables",23,252500,2021-07-13,Stables,2021,,51.88380436406558,-8.622683203381243
The Cloisters,The Cloisters,"63 The Cloisters, The Cloisters",63,330000,2021-07-08,Cloisters,2021,0.015384615384615385,51.88453436126935,-8.578108099687265
Old Quarter,Leslies Arch,"13 Leslies Arch, Old Quarter",13,425000,2021-07-06,Leslies,2021,-0.012382731423827315,51.89114003596089,-8.59633561033392
Tudor Grove,Tudor Grove,"8 Tudor Grove, Tudor Grove",8,245000,2021-07-05,Tudor,2021,,51.88555121291465,-8.591538215028342
Greenfield,Tuairin Glas,"48 Tuairin Glas, Greenfield",48,250000,2018-11-01,Tuairin,2018,,51.88072634468435,-8.611355403381312
Highfield,Highfield Park,"31 Highfield Park, Highfield",31,230000,2018-10-31,Highfield,2018,,51.88483134751023,-8.573114016875365
Old Quarter,Millers Court,"57 Millers Court, Old Quarter",57,345000,2018-10-31,Millers,2018,,51.89114003596089,-8.59633561033392
Powdermills,Powdermill Meadow,"1 Powdermill Meadow, Powdermills",1,430000,2018-10-26,Powdermill,2018,,51.89225015549648,-8.586096438526356
Inniscarra View,Whitethorn Drive,"19 Whitethorn Drive, Inniscarra View",19,290000,2018-10-25,Whitethorn,2018,,51.88901621244116,-8.572065214668026
Maglin,Glincool Crescent,"2 Glincool Crescent, Maglin",2,376000,2018-10-22,Glincool,2018,-0.06349206349206349,51.88135112776452,-8.59523805920491
Old Quarter,Leslies Arch,"79 Leslies Arch, Old Quarter",79,375000,2018-10-19,Leslies,2018,,51.89114003596089,-8.59633561033392
Coolroe,The Avenue,"11 The Avenue, Coolroe",11,425000,2018-10-17,Avenue,2018,,51.885279789132504,-8.622716969745719
Powdermills,Powdermill Meadows,"2 Powdermill Meadows, Powdermills",2,337500,2018-10-17,Powdermill,2018,,51.89225015549648,-8.586096438526356
Powdermills,Powdermill Meadow,"3 Powdermill Meadow, Powdermills",3,337500,2018-10-17,Powdermill,2018,,51.89225015549648,-8.586096438526356
Old Quarter,Coopers Grange,"33 Coopers Grange, Old Quarter",33,329999,2019-03-29,Coopers,2019,-0.0014441606686788969,51.89114003596089,-8.59633561033392
Greenfields,Woodberry,"3 Woodberry, Greenfields",3,690000,2019-03-28,Woodberry,2019,,51.87941701969475,-8.620193493581136
Coolroe,Coolroe Heights,"14 Coolroe Heights, Coolroe",14,315000,2019-03-28,Coolroe,2019,-0.013882762939366715,51.885279789132504,-8.622716969745719
Station Road,Tudor Grove,"10 Tudor Grove, Station Road",10,260000,2019-03-27,Tudor,2019,,51.885856656204545,-8.590996730369481
The Cloisters,A Brompton House," A Brompton House, The Cloisters",,101579,2019-03-20,Brompton,2019,0.0034090909090909102,51.88453436126935,-8.578108099687265
Town Center,Block 3 Tus Abhaile,"4 Block 3 Tus Abhaile, Town Center",4,208000,2019-03-18,Block,2019,,51.8878563321983,-8.600737381727024
Westcourt,Westcourt Heights,"63 Westcourt Heights, Westcourt",63,213000,2019-03-15,Westcourt,2019,,51.88681255417706,-8.616295628522487
Old Quarter,Waltham Abbey,"6 Waltham Abbey, Old Quarter",6,600000,2019-03-15,Waltham,2019,-0.0014441606686788969,51.89114003596089,-8.59633561033392
Town Center,Poulavone," Poulavone, Town Center",,325000,2019-03-15,Poulavone,2019,,51.8878563321983,-8.600737381727024
Coolroe,The Avenue,"8 The Avenue, Coolroe",8,266000,2019-03-15,Avenue,2019,-0.013882762939366715,51.885279789132504,-8.622716969745719
Old Quarter,Waltham Abbey,"28 Waltham Abbey, Old Quarter",28,339200,2019-09-23,Waltham,2019,-0.0014441606686788969,51.89114003596089,-8.59633561033392
Greenfields,Fernwalk,"45 Fernwalk, Greenfields",45,169000,2019-09-23,Fernwalk,2019,,51.87941701969475,-8.620193493581136
Old Quarter,Leslies Arch,"148 Leslies Arch, Old Quarter",148,315000,2019-09-23,Leslies,2019,-0.0014441606686788969,51.89114003596089,-8.59633561033392
Greenfield,Oldcourt,"72 Oldcourt, Greenfield",72,355000,2019-09-20,Oldcourt,2019,,51.88072634468435,-8.611355403381312
Rosewood,Rosewood,"8 Rosewood, Rosewood",8,306000,2019-09-13,Rosewood,2019,-0.04375,51.88865181082447,-8.575978970851866
Carrigrohanebeg,The Willows,"200 The Willows, Carrigrohanebeg",200,245000,2019-09-10,Willows,2019,0.002,51.89309917070151,-8.580849757357647
Greenfield,Oldcourt,"16 Oldcourt, Greenfield",16,430000,2019-09-05,Oldcourt,2019,,51.88072634468435,-8.611355403381312
Old Quarter,Coopers Grange,"22 Coopers Grange, Old Quarter",22,397250,2019-09-03,Coopers,2019,-0.0014441606686788969,51.89114003596089,-8.59633561033392
Maglin,Maglin Green,"1 Maglin Green, Maglin",1,475000,2020-02-04,Maglin,2020,-0.07096774193548387,51.88135112776452,-8.59523805920491
An Caislean,An Caislean,"191 An Caislean, An Caislean",191,255000,2020-02-03,Caislean,2020,-0.048583530697759156,51.88419579207018,-8.604721941977742
Old Quarter,Coopers Grange,"14 Coopers Grange, Old Quarter",14,415000,2020-01-30,Coopers,2020,,51.89114003596089,-8.59633561033392
The Crescent,The Crescent,"23 The Crescent, The Crescent",23,323000,2020-01-30,Crescent,2020,,51.88974689003794,-8.592724974545812
Old Quarter,Leslies Arch,"30 Leslies Arch, Old Quarter",30,372500,2020-01-30,Leslies,2020,,51.89114003596089,-8.59633561033392
Coolroe,The Close,"40 The Close, Coolroe",40,305000,2020-01-21,Close,2020,,51.885279789132504,-8.622716969745719
Rosewood,Rosewood Estate,"118 Rosewood Estate, Rosewood",118,292500,2020-01-20,Rosewood,2020,-0.017543859649122806,51.88865181082447,-8.575978970851866
Church View,Churchview,"7 Churchview, Church View",7,240000,2020-01-17,Churchview,2020,,51.88549636879165,-8.592625889887055
Aylsbury,Aylsbury,"41 Aylsbury, Aylsbury",41,295000,2020-09-03,Aylsbury,2020,0.0,51.88284449037205,-8.620440916875388
Beech Park,Beech Park,"48 Beech Park, Beech Park",48,223000,2020-09-01,Beech,2020,0.025829808005206636,51.884462825784524,-8.586660730369518
The Maltings,Barley Court,"12 Barley Court, The Maltings",12,190000,2020-08-20,Barley,2020,-0.009633911368015413,51.88503727921537,-8.591352822622822
Glendower Court,Glendower Court,"11 Glendower Court, Glendower Court",11,300000,2020-08-19,Glendower,2020,,51.89097713659068,-8.579260601534097
Old Quarter,Millers Court,"70 Millers Court, Old Quarter",70,420000,2020-08-13,Millers,2020,,51.89114003596089,-8.59633561033392
An Caislean,Newgrange,"1 Newgrange, An Caislean",1,213000,2020-08-11,Newgrange,2020,-0.048583530697759156,51.88419579207018,-8.604721941977742
Shalimar Court,Shalimar Court,"5 Shalimar Court, Shalimar Court",5,250000,2020-07-31,Shalimar,2020,,51.88896130535807,-8.578969730369383
Inniscarra View,Woodbine Lawn,"15 Woodbine Lawn, Inniscarra View",15,287500,2020-07-29,Woodbine,2020,,51.88901621244116,-8.572065214668026
Old Quarter,Coopers Grange,"25 Coopers Grange, Old Quarter",25,350000,2019-01-04,Coopers,2019,-0.0014441606686788969,51.89114003596089,-8.59633561033392
Coolroe,Old Quarry,"18 Old Quarry, Coolroe",18,226000,2018-12-21,Old,2018,,51.885279789132504,-8.622716969745719
Classis Lake,The Abbey,"29 The Abbey, Classis Lake",29,205000,2018-12-21,Abbey,2018,,51.88586099008718,-8.62822296864587
Old Quarter,Leslies Arch,"33 Leslies Arch, Old Quarter",33,412800,2018-12-21,Leslies,2018,,51.89114003596089,-8.59633561033392
Highfield Park,The Square,"30 The Square, Highfield Park",30,250000,2018-12-21,Square,2018,,51.88438631124541,-8.574891410855766
An Caislean,An Caislean,"186 An Caislean, An Caislean",186,270000,2018-12-19,Caislean,2018,,51.88419579207018,-8.604721941977742
Willow Grove,Willow Grove,"26 Willow Grove, Willow Grove",26,420000,2018-12-19,Willow,2018,,51.882509982430086,-8.612375401534269
Maglin,Glincool Villas,"2 Glincool Villas, Maglin",2,285000,2020-12-02,Glincool,2020,-0.07096774193548387,51.88135112776452,-8.59523805920491
Old Quarter,Coopers Grange,"1 Coopers Grange, Old Quarter",1,499999,2020-12-01,Coopers,2020,,51.89114003596089,-8.59633561033392
Old Quarter,Leslies Arch,"107 Leslies Arch, Old Quarter",107,326000,2020-12-01,Leslies,2020,,51.89114003596089,-8.59633561033392
Greenfields,Tuain Glas,"46 Tuain Glas, Greenfields",46,225000,2020-11-27,Tuain,2020,,51.87941701969475,-8.620193493581136
An Caislean,An Caislean,"60 An Caislean, An Caislean",60,255600,2020-11-26,Caislean,2020,-0.048583530697759156,51.88419579207018,-8.604721941977742
Carrigrohanebeg,The Willows,"182 The Willows, Carrigrohanebeg",182,268000,2020-11-19,Willows,2020,-0.042126929674099485,51.89309917070151,-8.580849757357647
Old Quarter,Millers Court,"82 Millers Court, Old Quarter",82,375000,2020-11-17,Millers,2020,,51.89114003596089,-8.59633561033392
Beech Park,Cranford Pines,"27 Cranford Pines, Beech Park",27,290000,2020-11-13,Cranford,2020,0.025829808005206636,51.884462825784524,-8.586660730369518
Greystones,Greystones,"48 Greystones, Greystones",48,285000,2020-11-12,Greystones,2020,,51.88708566318779,-8.572495537963082
Town Center,Church View,"57 Church View, Town Center",57,321000,2021-07-02,Church,2021,0.08813559322033898,51.8878563321983,-8.600737381727024
Leecourt,Leecourt,"132 Leecourt, Leecourt",132,231000,2021-07-01,Leecourt,2021,,51.8915162277775,-8.581342570851831
An Caislean,Newgrange,"8 Newgrange, An Caislean",8,222000,2021-06-25,Newgrange,2021,0.02177407726529392,51.88419579207018,-8.604721941977742
Classis Lake,The Brambles,"7 The Brambles, Classis Lake",7,400000,2021-06-16,Brambles,2021,,51.88586099008718,-8.62822296864587
Coolroe,Willowgrove,"48 Willowgrove, Coolroe",48,340000,2021-06-11,Willowgrove,2021,-0.04406779661016949,51.885279789132504,-8.622716969745719
Greenfields,Woodberry,"11 Woodberry, Greenfields",11,755000,2021-06-04,Woodberry,2021,,51.87941701969475,-8.620193493581136
Old Quarter,Coopers Grange,"69 Coopers Grange, Old Quarter",69,340000,2021-06-03,Coopers,2021,-0.012382731423827315,51.89114003596089,-8.59633561033392
Old Quarter,Millers Court,"106 Millers Court, Old Quarter",106,640000,2021-05-31,Millers,2021,-0.012382731423827315,51.89114003596089,-8.59633561033392
Castleknock,Castleknock,"16 Castleknock, Castleknock",16,330000,2021-05-28,Castleknock,2021,,51.88198791175574,-8.595112470852024
An Caislean,Kells,"10 Kells, An Caislean",10,212000,2021-05-28,Kells,2021,0.02177407726529392,51.88419579207018,-8.604721941977742
An Caislean,Newgrange,"21 Newgrange, An Caislean",21,267000,2021-05-26,Newgrange,2021,0.02177407726529392,51.88419579207018,-8.604721941977742
Old Quarter,Millers Court,"56 Millers Court, Old Quarter",56,345000,2018-10-16,Millers,2018,,51.89114003596089,-8.59633561033392
Old Quarter,Millers Court,"58 Millers Court, Old Quarter",58,345000,2018-10-16,Millers,2018,,51.89114003596089,-8.59633561033392
Classis Lake,The Cedars,"29 The Cedars, Classis Lake",29,357000,2018-10-15,Cedars,2018,,51.88586099008718,-8.62822296864587
Carrigrohane,Bridgewater,"16 Bridgewater, Carrigrohane",16,435000,2018-10-11,Bridgewater,2018,,51.89118108080445,-8.570433423222292
Old Quarter,Millers Court,"108 Millers Court, Old Quarter",108,460000,2018-09-27,Millers,2018,,51.89114003596089,-8.59633561033392
Maglin,Glencool Villas,"11 Glencool Villas, Maglin",11,304000,2018-09-27,Glencool,2018,-0.06349206349206349,51.88135112776452,-8.59523805920491
Coolroe,The Green,"61 The Green, Coolroe",61,111500,2018-09-26,Green,2018,,51.885279789132504,-8.622716969745719
Old Quarter,Coopers Grange Old Quarter,"58 Coopers Grange Old Quarter, Old Quarter",58,267000,2018-09-25,Coopers,2018,,51.89114003596089,-8.59633561033392
Beech Park,Beech Park,"67 Beech Park, Beech Park",67,340000,2018-09-18,Beech,2018,,51.884462825784524,-8.586660730369518
Old Quarter,Millers Court,"107 Millers Court, Old Quarter",107,465000,2018-09-18,Millers,2018,,51.89114003596089,-8.59633561033392
Inniscarra View,Hawthorn Avenue,"13 Hawthorn Avenue, Inniscarra View",13,257000,2018-09-18,Hawthorn,2018,,51.88901621244116,-8.572065214668026
Classis Lake,The Oaks,"12 The Oaks, Classis Lake",12,368000,2019-03-14,Oaks,2019,,51.88586099008718,-8.62822296864587
Old Quarter,Leslies Arch,"147 Leslies Arch, Old Quarter",147,260000,2019-03-14,Leslies,2019,-0.0014441606686788969,51.89114003596089,-8.59633561033392
Town Center,Church View,"65 Church View, Town Center",65,227500,2019-03-12,Church,2019,,51.8878563321983,-8.600737381727024
Avoncourt,Avoncourt,"13 Avoncourt, Avoncourt",13,330000,2019-03-11,Avoncourt,2019,,51.88515208061713,-8.612719189887075
Old Quarter,Coopers Grange,"32b Coopers Grange, Old Quarter",32b,255000,2019-03-11,Coopers,2019,-0.0014441606686788969,51.89114003596089,-8.59633561033392
Muskerry Estate,Holly Road,"19 Holly Road, Muskerry Estate",19,290000,2019-03-11,Holly,2019,-0.03571428571428571,51.885514844369936,-8.596310161258103
Old Quarter,Coopers Grange,"32a Coopers Grange, Old Quarter",32a,255000,2019-03-08,Coopers,2019,-0.0014441606686788969,51.89114003596089,-8.59633561033392
An Caislean,Tara,"19 Tara, An Caislean",19,230000,2019-03-08,Tara,2019,-0.024255374255374256,51.88419579207018,-8.604721941977742
Old Quarter,Coopers Grange,"31 Coopers Grange, Old Quarter",31,336683,2019-03-06,Coopers,2019,-0.0014441606686788969,51.89114003596089,-8.59633561033392
Classis Lake,Lisheen Fields,"18 Lisheen Fields, Classis Lake",18,390000,2019-08-29,Lisheen,2019,,51.88586099008718,-8.62822296864587
An Caislean,An Caislean,"182 An Caislean, An Caislean",182,262500,2019-08-28,Caislean,2019,-0.024255374255374256,51.88419579207018,-8.604721941977742
The Crescent,The Crescent Heathfield,"2 The Crescent Heathfield, The Crescent",2,320000,2019-08-27,Crescent,2019,,51.88974689003794,-8.592724974545812
Hazel Grove,Hazel Grove,"14 Hazel Grove, Hazel Grove",14,192500,2019-08-21,Hazel,2019,,51.88270220033945,-8.594207045710691
Carrigrohanebeg,The Willows,"208 The Willows, Carrigrohanebeg",208,256000,2019-08-16,Willows,2019,0.002,51.89309917070151,-8.580849757357647
The Cloisters,The Cloisters,"102 The Cloisters, The Cloisters",102,287000,2019-08-14,Cloisters,2019,0.0034090909090909102,51.88453436126935,-8.578108099687265
Aylsbury,Aylsbury Lawn,"4 Aylsbury Lawn, Aylsbury",4,360000,2019-08-12,Aylsbury,2019,-0.06493506493506493,51.88284449037205,-8.620440916875388
Greenfield,Oldcourt,"94 Oldcourt, Greenfield",94,370000,2019-08-12,Oldcourt,2019,,51.88072634468435,-8.611355403381312
Station Cross,Station Cross," Station Cross, Station Cross",,300000,2019-08-12,Station,2019,,51.88366424957323,-8.588997728522568
Coolroe,Willowgrove,"2 Willowgrove, Coolroe",2,400000,2019-08-09,Willowgrove,2019,-0.013882762939366715,51.885279789132504,-8.622716969745719
Old Quarter,Leslies Arch,"91 Leslies Arch, Old Quarter",91,330500,2020-01-15,Leslies,2020,,51.89114003596089,-8.59633561033392
Old Quarter,Leslies Arch,"73 Leslies Arch, Old Quarter",73,390000,2020-01-14,Leslies,2020,,51.89114003596089,-8.59633561033392
Westcourt,Westcourt Heights,"92 Westcourt Heights, Westcourt",92,300000,2020-01-08,Westcourt,2020,,51.88681255417706,-8.616295628522487
Classis Lake,The Sycamores,"10 The Sycamores, Classis Lake",10,260000,2020-01-06,Sycamores,2020,,51.88586099008718,-8.62822296864587
Coolroe,The Vale,"7 The Vale, Coolroe",7,488000,2019-12-20,Vale,2019,-0.013882762939366715,51.885279789132504,-8.622716969745719
Town Center,Time Square,"12b Time Square, Town Center",12b,140000,2019-12-19,Time,2019,,51.8878563321983,-8.600737381727024
Old Quarter,Millers Court,"71 Millers Court, Old Quarter",71,420000,2020-07-29,Millers,2020,,51.89114003596089,-8.59633561033392
Maglin,Glincool Grove,"11 Glincool Grove, Maglin",11,273000,2020-07-28,Glincool,2020,-0.07096774193548387,51.88135112776452,-8.59523805920491
Hazel Grove,Hazel Grove,"3 Hazel Grove, Hazel Grove",3,170000,2020-07-27,Hazel,2020,,51.88270220033945,-8.594207045710691
Classis Lake,The Sycamores,"35 The Sycamores, Classis Lake",35,291000,2020-07-24,Sycamores,2020,,51.88586099008718,-8.62822296864587
Greenfield,Greenfield House,"1 Greenfield House, Greenfield",1,295000,2020-07-24,Greenfield,2020,,51.88072634468435,-8.611355403381312
Carriganarra,Carriganarra," Carriganarra, Carriganarra",,550000,2020-07-15,Carriganarra,2020,,51.88456579585057,-8.579854607281877
The Maltings,Barley Grove,"27 Barley Grove, The Maltings",27,257000,2020-06-24,Barley,2020,-0.009633911368015413,51.88503727921537,-8.591352822622822
Maglin,Maglin Green,"6 Maglin Green, Maglin",6,385000,2020-06-19,Maglin,2020,-0.07096774193548387,51.88135112776452,-8.59523805920491
Old Quarter,Coopers Grange,"72 Coopers Grange, Old Quarter",72,262000,2018-12-19,Coopers,2018,,51.89114003596089,-8.59633561033392
Fionn Laoi,Woodview,"11 Woodview, Fionn Laoi",11,340000,2018-12-18,Woodview,2018,,51.89295672639931,-8.577244778805012
Old Quarter,Coopers Grange,"28 Coopers Grange, Old Quarter",28,355000,2018-12-18,Coopers,2018,,51.89114003596089,-8.59633561033392
Coolroe,Willow Grove,"55 Willow Grove, Coolroe",55,310000,2018-12-18,Willow,2018,,51.885279789132504,-8.622716969745719
Westcourt,Westcourt Heights,"41 Westcourt Heights, Westcourt",41,292500,2018-12-18,Westcourt,2018,,51.88681255417706,-8.616295628522487
Coolroe,Willow Grove,"4 Willow Grove, Coolroe",4,310000,2018-12-17,Willow,2018,,51.885279789132504,-8.622716969745719
An Caislean,An Caislean Way,"135 An Caislean Way, An Caislean",135,320000,2018-12-14,Caislean,2018,,51.88419579207018,-8.604721941977742
Old Quarter,Coopers Grange,"14 Coopers Grange, Old Quarter",14,409999,2018-12-14,Coopers,2018,,51.89114003596089,-8.59633561033392
Greystones,Greystones,"40 Greystones, Greystones",40,280000,2018-12-14,Greystones,2018,,51.88708566318779,-8.572495537963082
Fionn Laoi,Woodview,"12 Woodview, Fionn Laoi",12,345000,2018-12-12,Woodview,2018,,51.89295672639931,-8.577244778805012
Town Center,Silverwood,"2 Silverwood, Town Center",2,255000,2018-12-07,Silverwood,2018,,51.8878563321983,-8.600737381727024
Heathfield,The Avenue,"31 The Avenue, Heathfield",31,379999,2020-11-09,Avenue,2020,,51.88275370396547,-8.57522707085204
Maglin,Maglin Drive,"6 Maglin Drive, Maglin",6,400000,2020-11-06,Maglin,2020,-0.07096774193548387,51.88135112776452,-8.59523805920491
Old Quarter,Coopers Grange,"8 Coopers Grange, Old Quarter",8,452925,2020-11-05,Coopers,2020,,51.89114003596089,-8.59633561033392
Beech Park,Beech Park,"91 Beech Park, Beech Park",91,245000,2020-10-23,Beech,2020,0.025829808005206636,51.884462825784524,-8.586660730369518
Maglin,Maglin Green,"12 Maglin Green, Maglin",12,395000,2020-10-22,Maglin,2020,-0.07096774193548387,51.88135112776452,-8.59523805920491
Old Quarter,Leslies Arch,"41 Leslies Arch, Old Quarter",41,252500,2020-10-22,Leslies,2020,,51.89114003596089,-8.59633561033392
Heathfield,The Avenue Heathfield,"52 The Avenue Heathfield, Heathfield",52,385000,2021-05-26,Avenue,2021,,51.88275370396547,-8.57522707085204
Maglin,Maglin Green,"14 Maglin Green, Maglin",14,650000,2021-05-26,Maglin,2021,-0.03883374689826303,51.88135112776452,-8.59523805920491
Town Center,Chapel Lane Row,"2a Chapel Lane Row, Town Center",2a,450000,2021-05-25,Chapel,2021,0.08813559322033898,51.8878563321983,-8.600737381727024
Old Quarter,Coopers Grange,"107 Coopers Grange, Old Quarter",107,520000,2021-05-24,Coopers,2021,-0.012382731423827315,51.89114003596089,-8.59633561033392
Heathfield,The Avenue,"49 The Avenue, Heathfield",49,385000,2021-05-20,Avenue,2021,,51.88275370396547,-8.57522707085204
Coolroe,Willow Grove,"47 Willow Grove, Coolroe",47,318000,2021-05-14,Willow,2021,-0.04406779661016949,51.885279789132504,-8.622716969745719
Carrigrohanebeg,The Willows,"199 The Willows, Carrigrohanebeg",199,261500,2021-05-07,Willows,2021,,51.89309917070151,-8.580849757357647
An Caislean,An Caislean Heights,"157 An Caislean Heights, An Caislean",157,200000,2021-04-29,Caislean,2021,0.02177407726529392,51.88419579207018,-8.604721941977742
Highfield,Highfield Park,"7 Highfield Park, Highfield",7,317000,2021-04-27,Highfield,2021,,51.88483134751023,-8.573114016875365
Leecourt,Leecourt,"93 Leecourt, Leecourt",93,252000,2018-09-06,Leecourt,2018,,51.8915162277775,-8.581342570851831
Old Quarter,Leslies Arch,"107 Leslies Arch, Old Quarter",107,300000,2018-09-03,Leslies,2018,,51.89114003596089,-8.59633561033392
Maglin,Glincoole Gardens,"20 Glincoole Gardens, Maglin",20,280000,2018-09-03,Glincoole,2018,-0.06349206349206349,51.88135112776452,-8.59523805920491
Coolroe,Coolroe Court,"7 Coolroe Court, Coolroe",7,422500,2018-08-31,Coolroe,2018,,51.885279789132504,-8.622716969745719
Inniscarra View,Whitetholn Avenue,"24 Whitetholn Avenue, Inniscarra View",24,310000,2018-08-27,Whitetholn,2018,,51.88901621244116,-8.572065214668026
The Crescent,The Crescent,"17 The Crescent, The Crescent",17,275000,2018-08-24,Crescent,2018,,51.88974689003794,-8.592724974545812
Old Quarter,Coopers Grange,"43 Coopers Grange, Old Quarter",43,250000,2018-08-23,Coopers,2018,,51.89114003596089,-8.59633561033392
Beech Park,Beech Park,"118 Beech Park, Beech Park",118,261000,2018-08-22,Beech,2018,,51.884462825784524,-8.586660730369518
Daffodil Fields,Daffodil Fields,"27 Daffodil Fields, Daffodil Fields",27,465000,2018-08-20,Daffodil,2018,,51.89114262893351,-8.573402430369397
Fionn Laoi,Woodview,"19 Woodview, Fionn Laoi",19,400000,2018-08-16,Woodview,2018,,51.89295672639931,-8.577244778805012
Old Quarter,Millers Court,"62 Millers Court, Old Quarter",62,360000,2018-08-10,Millers,2018,,51.89114003596089,-8.59633561033392
Coolroe,Prospect Lawn Coolroe,"22 Prospect Lawn Coolroe, Coolroe",22,605000,2019-03-01,Prospect,2019,-0.013882762939366715,51.885279789132504,-8.622716969745719
Old Quarter,Leslies Arch,"78 Leslies Arch, Old Quarter",78,370000,2019-08-08,Leslies,2019,-0.0014441606686788969,51.89114003596089,-8.59633561033392
Manor Hill,Manor Hill,"48 Manor Hill, Manor Hill",48,355000,2019-08-06,Manor,2019,0.1590909090909091,51.89121035709487,-8.575907457357648
An Caislean,Tara,"17 Tara, An Caislean",17,218000,2019-08-06,Tara,2019,-0.024255374255374256,51.88419579207018,-8.604721941977742
Greenfield,Oldcourt,"99 Oldcourt, Greenfield",99,349000,2019-08-06,Oldcourt,2019,,51.88072634468435,-8.611355403381312
Highfield Park,The Avenue,"3 The Avenue, Highfield Park",3,281000,2019-08-04,Avenue,2019,,51.88438631124541,-8.574891410855766
Classis Lake,Fern Way,"59 Fern Way, Classis Lake",59,221000,2019-08-02,Fern,2019,,51.88586099008718,-8.62822296864587
Greenfields,Woodberry,"46 Woodberry, Greenfields",46,560000,2019-08-01,Woodberry,2019,,51.87941701969475,-8.620193493581136
Old Quarter,Leslies Arch,"112 Leslies Arch, Old Quarter",112,335000,2019-07-31,Leslies,2019,-0.0014441606686788969,51.89114003596089,-8.59633561033392
Coolroe,The Close,"17 The Close, Coolroe",17,325000,2019-07-26,Close,2019,-0.013882762939366715,51.885279789132504,-8.622716969745719
Old Quarter,Cooper's Grange,"20 Cooper's Grange, Old Quarter",20,350000,2019-07-26,Cooper's,2019,-0.0014441606686788969,51.89114003596089,-8.59633561033392
Old Quarter,Coopers Grange,"36 Coopers Grange, Old Quarter",36,400000,2019-07-25,Coopers,2019,-0.0014441606686788969,51.89114003596089,-8.59633561033392
Muskerry Estate,Castle Avenue,"12 Castle Avenue, Muskerry Estate",12,255000,2020-06-12,Castle,2020,,51.885514844369936,-8.596310161258103
Old Quarter,Coopers Grange,"4 Coopers Grange, Old Quarter",4,539125,2020-06-05,Coopers,2020,,51.89114003596089,-8.59633561033392
The Crescent,The Crescent,"35 The Crescent, The Crescent",35,375000,2020-06-04,Crescent,2020,,51.88974689003794,-8.592724974545812
Maglin,Maglin Green,"4 Maglin Green, Maglin",4,377983,2020-06-02,Maglin,2020,-0.07096774193548387,51.88135112776452,-8.59523805920491
The Maltings,Distillery Court,"19 Distillery Court, The Maltings",19,211000,2020-05-29,Distillery,2020,-0.009633911368015413,51.88503727921537,-8.591352822622822
Old Quarter,Coopers Grange,"5 Coopers Grange, Old Quarter",5,476161,2020-05-29,Coopers,2020,,51.89114003596089,-8.59633561033392
An Caislean,An Caislean Drive,"31 An Caislean Drive, An Caislean",31,240000,2020-05-21,Caislean,2020,-0.048583530697759156,51.88419579207018,-8.604721941977742
Old Quarter,Millers Court,"46 Millers Court, Old Quarter",46,410000,2018-12-05,Millers,2018,,51.89114003596089,-8.59633561033392
Old Quarter,Millers Court,"22 Millers Court, Old Quarter",22,355000,2018-12-05,Millers,2018,,51.89114003596089,-8.59633561033392
Muskerry Estate,Cherry Walk,"37 Cherry Walk, Muskerry Estate",37,258000,2018-12-05,Cherry,2018,,51.885514844369936,-8.596310161258103
Powdermills,Powdermill Meadows,"4 Powdermill Meadows, Powdermills",4,335000,2018-12-04,Powdermill,2018,,51.89225015549648,-8.586096438526356
Town Center,Main Street," Main Street, Town Center",,120000,2018-12-03,Main,2018,,51.8878563321983,-8.600737381727024
Westcourt,Bellview,"1 Bellview, Westcourt",1,403000,2018-11-30,Bellview,2018,,51.88681255417706,-8.616295628522487
An Caislean,Caislean Close,"8 Caislean Close, An Caislean",8,262000,2018-11-30,Caislean,2018,,51.88419579207018,-8.604721941977742
Coolroe,Coolroe Court,"1 Coolroe Court, Coolroe",1,507000,2018-11-28,Coolroe,2018,,51.885279789132504,-8.622716969745719
The Cloisters,The Cloisters,"60 The Cloisters, The Cloisters",60,265000,2018-11-27,Cloisters,2018,-0.13846153846153847,51.88453436126935,-8.578108099687265
Innishmore,Innishmore Grove,"35 Innishmore Grove, Innishmore",35,188000,2021-04-22,Innishmore,2021,,51.88897474404985,-8.608958999892096
Wyndham Downs,Wyndham Downs,"43 Wyndham Downs, Wyndham Downs",43,300000,2021-04-22,Wyndham,2021,,51.88594295587414,-8.620296147557605
Greenfields,Fernwalk,"46 Fernwalk, Greenfields",46,865000,2021-04-21,Fernwalk,2021,,51.87941701969475,-8.620193493581136
Maglin,Maglin Green,"7 Maglin Green, Maglin",7,420000,2021-04-19,Maglin,2021,-0.03883374689826303,51.88135112776452,-8.59523805920491
Muskerry Estate,Castle Avenue,"41 Castle Avenue, Muskerry Estate",41,300000,2021-04-09,Castle,2021,,51.885514844369936,-8.596310161258103
The Crescent,The Crescent,"23 The Crescent, The Crescent",23,270000,2021-04-08,Crescent,2021,,51.88974689003794,-8.592724974545812
Greystones,Greystones,"29 Greystones, Greystones",29,265000,2021-04-01,Greystones,2021,,51.88708566318779,-8.572495537963082
Coolroe,Old Quarry,"17 Old Quarry, Coolroe",17,248000,2021-04-01,Old,2021,-0.04406779661016949,51.885279789132504,-8.622716969745719
Inniscarra View,Sweetbriar Lane,"9 Sweetbriar Lane, Inniscarra View",9,317000,2021-03-31,Sweetbriar,2021,,51.88901621244116,-8.572065214668026
Town Center,Rowan House,"1 Rowan House, Town Center",1,465000,2021-03-30,Rowan,2021,0.08813559322033898,51.8878563321983,-8.600737381727024
Cois Na Cora,Cois Na Cora,"9 Cois Na Cora, Cois Na Cora",9,274000,2021-03-29,Cois,2021,,51.89115617169389,-8.586177713181245
Coolroe,The Close,"34 The Close, Coolroe",34,360000,2018-08-03,Close,2018,,51.885279789132504,-8.622716969745719
The Cloisters,The Cloisters,"26 The Cloisters, The Cloisters",26,335000,2018-08-03,Cloisters,2018,-0.13846153846153847,51.88453436126935,-8.578108099687265
Old Quarter,Millers Court,"63 Millers Court, Old Quarter",63,350000,2018-07-27,Millers,2018,,51.89114003596089,-8.59633561033392
Old Quarter,Leslies Arch,"81 Leslies Arch, Old Quarter",81,395000,2018-07-27,Leslies,2018,,51.89114003596089,-8.59633561033392
Old Quarter,Millers Court,"64 Millers Court, Old Quarter",64,399999,2018-07-24,Millers,2018,,51.89114003596089,-8.59633561033392
Fionn Laoi,Woodview,"30 Woodview, Fionn Laoi",30,350000,2018-07-24,Woodview,2018,,51.89295672639931,-8.577244778805012
Town Center,East Gate," East Gate, Town Center",,200000,2018-07-20,East,2018,,51.8878563321983,-8.600737381727024
Coolroe,The Stables,"14 The Stables, Coolroe",14,330000,2018-07-20,Stables,2018,,51.885279789132504,-8.622716969745719
Old Quarter,Coppers Grange,"19 Coppers Grange, Old Quarter",19,350000,2019-07-23,Coppers,2019,-0.0014441606686788969,51.89114003596089,-8.59633561033392
Parknamore,Parknamore,"15 Parknamore, Parknamore",15,285000,2019-07-22,Parknamore,2019,-0.016296296296296295,51.88458744794133,-8.609309161051812
Old Quarter,Coopers Grange,"18 Coopers Grange, Old Quarter",18,350001,2019-07-19,Coopers,2019,-0.0014441606686788969,51.89114003596089,-8.59633561033392
Carrigrohane,Laurel Wood House,"1 Laurel Wood House, Carrigrohane",1,760000,2019-07-19,Laurel,2019,,51.89118108080445,-8.570433423222292
Parknamore,Parknamore Rise,"21 Parknamore Rise, Parknamore",21,266200,2019-07-18,Parknamore,2019,-0.016296296296296295,51.88458744794133,-8.609309161051812
Old Quarter,Millers Court,"59 Millers Court, Old Quarter",59,406883,2019-07-18,Millers,2019,-0.0014441606686788969,51.89114003596089,-8.59633561033392
Greenfields,Fernwalk,"7 Fernwalk, Greenfields",7,630000,2019-07-15,Fernwalk,2019,,51.87941701969475,-8.620193493581136
The Cloisters,The Cloisters,"20 The Cloisters, The Cloisters",20,280000,2019-07-12,Cloisters,2019,0.0034090909090909102,51.88453436126935,-8.578108099687265
Coolroe,The Lawn,"35 The Lawn, Coolroe",35,332000,2019-07-12,Lawn,2019,-0.013882762939366715,51.885279789132504,-8.622716969745719
Old Quarter,The Cresent,"52 The Cresent, Old Quarter",52,253000,2019-07-10,Cresent,2019,-0.0014441606686788969,51.89114003596089,-8.59633561033392
Shalimar Court,Shalimar Court,"11 Shalimar Court, Shalimar Court",11,269000,2020-05-18,Shalimar,2020,,51.88896130535807,-8.578969730369383
Old Quarter,Leslies Arch,"64 Leslies Arch, Old Quarter",64,233000,2020-05-13,Leslies,2020,,51.89114003596089,-8.59633561033392
Maglin,Maglin Green,"5 Maglin Green, Maglin",5,385000,2020-05-08,Maglin,2020,-0.07096774193548387,51.88135112776452,-8.59523805920491
Classis Lake,Berryfield,"8 Berryfield, Classis Lake",8,350000,2020-05-08,Berryfield,2020,,51.88586099008718,-8.62822296864587
Beech Park,Beech Park,"70 Beech Park, Beech Park",70,232000,2020-05-07,Beech,2020,0.025829808005206636,51.884462825784524,-8.586660730369518
Coolroe,Coolroe Heights,"12 Coolroe Heights, Coolroe",12,282000,2020-04-28,Coolroe,2020,,51.885279789132504,-8.622716969745719
Aylsbury,Aylsbury Lawn,"1 Aylsbury Lawn, Aylsbury",1,387000,2020-04-24,Aylsbury,2020,0.0,51.88284449037205,-8.620440916875388
Manor Hill,Manor Hill,"20 Manor Hill, Manor Hill",20,320000,2020-04-24,Manor,2020,,51.89121035709487,-8.575907457357648
Old Quarter,Leslies Arch,"34 Leslies Arch, Old Quarter",34,400000,2020-04-15,Leslies,2020,,51.89114003596089,-8.59633561033392
Classis Lake,Oak Drive,"13 Oak Drive, Classis Lake",13,280000,2018-11-26,Oak,2018,,51.88586099008718,-8.62822296864587
Carrigrohane,Father Sexton Place,"10 Father Sexton Place, Carrigrohane",10,130000,2018-11-20,Father,2018,,51.89118108080445,-8.570433423222292
Station Road,Tudor Grove,"1a Tudor Grove, Station Road",1a,357500,2021-03-26,Tudor,2021,,51.885856656204545,-8.590996730369481
Maglin,Maglin Green,"13 Maglin Green, Maglin",13,394999,2021-03-23,Maglin,2021,-0.03883374689826303,51.88135112776452,-8.59523805920491
Mukerry Estate,Castle Avenue,"56 Castle Avenue, Mukerry Estate",56,300000,2021-03-23,Castle,2021,,51.88554133320571,-8.596438907281483
Carrigrohanebeg,The Willows,"188 The Willows, Carrigrohanebeg",188,268000,2021-03-23,Willows,2021,,51.89309917070151,-8.580849757357647
An Caislean,Caislean Close,"24 Caislean Close, An Caislean",24,252500,2021-03-23,Caislean,2021,0.02177407726529392,51.88419579207018,-8.604721941977742
Maglin,Maglin Green,"8 Maglin Green, Maglin",8,339999,2021-03-19,Maglin,2021,-0.03883374689826303,51.88135112776452,-8.59523805920491
An Caislean,An Caislean Way,"108 An Caislean Way, An Caislean",108,302000,2021-03-19,Caislean,2021,0.02177407726529392,51.88419579207018,-8.604721941977742
The Maltings,Granary Court,"20 Granary Court, The Maltings",20,210000,2021-03-19,Granary,2021,-0.045454545454545456,51.88503727921537,-8.591352822622822
Glendower Court,Glendower Court,"61 Glendower Court, Glendower Court",61,300000,2021-03-16,Glendower,2021,,51.89097713659068,-8.579260601534097
Coolroe,The Lawn,"65 The Lawn, Coolroe",65,325000,2021-03-16,Lawn,2021,-0.04406779661016949,51.885279789132504,-8.622716969745719
Classis Lake,The Oaks,"23 The Oaks, Classis Lake",23,400000,2021-03-16,Oaks,2021,,51.88586099008718,-8.62822296864587
Muskerry Estate,Castle Avenue,"26 Castle Avenue, Muskerry Estate",26,290000,2018-07-20,Castle,2018,,51.885514844369936,-8.596310161258103
Parknamore,Parknamore Rise,"23 Parknamore Rise, Parknamore",23,265000,2019-07-10,Parknamore,2019,-0.016296296296296295,51.88458744794133,-8.609309161051812
Old Quarter,Leslies Arch,"145 Leslies Arch, Old Quarter",145,295000,2019-07-04,Leslies,2019,-0.0014441606686788969,51.89114003596089,-8.59633561033392
An Caislean,An Caislain Grove,"90 An Caislain Grove, An Caislean",90,242000,2019-07-03,Caislain,2019,-0.024255374255374256,51.88419579207018,-8.604721941977742
An Caislean,An Caislean,"77 An Caislean, An Caislean",77,255000,2019-06-28,Caislean,2019,-0.024255374255374256,51.88419579207018,-8.604721941977742
An Caislean,An Caislean Way,"113 An Caislean Way, An Caislean",113,250000,2019-06-27,Caislean,2019,-0.024255374255374256,51.88419579207018,-8.604721941977742
Coolroe,Coolroe Heights,"32 Coolroe Heights, Coolroe",32,282000,2021-03-08,Coolroe,2021,-0.04406779661016949,51.885279789132504,-8.622716969745719
